Workbook

Sheet APUS
B2: Se saca cantidad de horas hombre
B3: Se saca rendimiento
B4: Para obtener ratio meta

Sheet Horas previstas
B2: Código de Partida | C2: Partida | D2: Ratio Meta | E2: Und | F2: Metrado Meta Total | G2: Und | H2: HH Previstas Total
B3: 100 | C3: OBRAS PROVISIONALES | D3: =+H3/F3 -> 0.056071277 | E3: hh/m2 | F3: 1794.68 | G3: m2 | H3: 100.63
B4: 200 | C4: MOVIMIENTO DE TIERRAS | D4: =+H4/F4 -> 0.89542619 | E4: hh/m3 | F4: 4390.87 | G4: m3 | H4: 3931.7
B5: 300 | C5: CONCRETO | D5: =+H5/F5 -> 1.941802 | E5: hh/m3 | F5: 1280.8 | G5: m3 | H5: 2487.06
B6: 400 | C6: ENCOFRADO | D6: =+H6/F6 -> 1.3407107 | E6: hh/m2 | F6: 4005.92 | G6: m2 | H6: 5370.78
B7: 500 | C7: ACERO | D7: =+H7/F7 -> 0.73442442 | E7: hh/kg | F7: 53548.07 | G7: kg | H7: 39327.01

Sheet Tareo
B2: Código de partida | C2: Partida | D2: Horas Reales Semana | E2: Fecha | F2: Semana
B3: 100 | C3: OBRAS PROVISIONALES | D3: 12.8 | E3: 45481 | F3: SEM 1 | H3: Se colocan solo las partidas que se han trabajado en la semana
B4: 200 | C4: MOVIMIENTO DE TIERRAS | D4: 385 | E4: 45481 | F4: SEM 1
B5: 100 | C5: OBRAS PROVISIONALES | D5: 14.2 | E5: 45488 | F5: SEM 2
B6: 200 | C6: MOVIMIENTO DE TIERRAS | D6: 375 | E6: 45488 | F6: SEM 2
B7: 100 | C7: OBRAS PROVISIONALES | F7: SEM 3
B8: 200 | C8: MOVIMIENTO DE TIERRAS | F8: SEM 3
B9: 300 | C9: CONCRETO | F9: SEM 3
B10: 400 | C10: ENCOFRADO | F10: SEM 3
B11: 500 | C11: ACERO | F11: SEM 3

Sheet Avance Real
B2: Código de Partida | C2: Partida | D2: Avance Real | E2: Fecha | F2: Semana | H2: Se coloca el avance real en metrado
B3: 100 | C3: OBRAS PROVISIONALES | D3: 150 | E3: 45481 | F3: SEM 1
B4: 200 | C4: MOVIMIENTO DE TIERRAS | D4: 450 | E4: 45481 | F4: SEM 1
B5: 100 | C5: OBRAS PROVISIONALES | D5: 155 | E5: 45488 | F5: SEM 2
B6: 200 | C6: MOVIMIENTO DE TIERRAS | D6: 480 | E6: 45488 | F6: SEM 2
B7: 100 | C7: OBRAS PROVISIONALES | F7: SEM 3
B8: 200 | C8: MOVIMIENTO DE TIERRAS | F8: SEM 3
B9: 300 | C9: CONCRETO | F9: SEM 3
B10: 400 | C10: ENCOFRADO | F10: SEM 3
B11: 500 | C11: ACERO | F11: SEM 3

Sheet Base de Datos
B2: Código de Partida | C2: Partida | D2: Ratio Meta | E2: Horas Reales | F2: Avance Real | G2: Ratio Real | H2: Fecha | I2: Semana
B3: 100 | C3: OBRAS PROVISIONALES | D3: =+'Horas previstas'!D3 -> 0.056071277 | E3: =+Tareo!D3 -> 12.8 | F3: =+'Avance Real'!D3 -> 150 | G3: =+E3/F3 -> 0.085333333 | H3: 45481 | I3: SEM 1
B4: 200 | C4: MOVIMIENTO DE TIERRAS | D4: =+'Horas previstas'!D4 -> 0.89542619 | E4: =+Tareo!D4 -> 385 | F4: =+'Avance Real'!D4 -> 450 | G4: =+E4/F4 -> 0.85555556 | H4: 45488 | I4: SEM 1 | K4: Ratio meta | L4: Se saca de horas previstas
B5: 100 | C5: OBRAS PROVISIONALES | D5: =+'Horas previstas'!D3 -> 0.056071277 | E5: =+Tareo!D5 -> 14.2 | F5: =+'Avance Real'!D5 -> 155 | G5: =+E5/F5 -> 0.091612903 | H5: 45481 | I5: SEM 2 | K5: Horas reales | L5: Tareos
B6: 200 | C6: MOVIMIENTO DE TIERRAS | D6: =+'Horas previstas'!D4 -> 0.89542619 | E6: =+Tareo!D6 -> 375 | F6: =+'Avance Real'!D6 -> 480 | G6: =+E6/F6 -> 0.78125 | H6: 45488 | I6: SEM 2 | K6: Avance real | L6: Avance real

Sheet CP_MO
B3: Proyecto: | C3: I.E. N° 1182 "EL BOSQUE" - CERCO + INGRESOS Y CASETAS | D3: FECHA: | E3: 45481
D4: SEMANA: | E4: SEM 1
D6: AVANCE | H6: CANTIDAD HH | K6: PRODUCTIVIDAD | P6: HH Perdidas o ganadas | Q6: und | R6: Costo mano obra (S/.) | S6: und | T6: Soles Ganadas - Perdidas
B7: Cod. PC | C7: PARTIDAS DE CONTROL | D7: und | E7: Metrado Base | F7: Acumulado a la Fecha | G7: % Acumulado a la Fecha | H7: Horas Previstas | I7: Acumulado Previstas | J7: Acumulado Real (Horas Gastadas) | K7: und | L7: Ratio Meta | M7: Ratio Real Acumulado | N7: Ratio Real Semana Actual
C9: OBRAS PROVISIONALES
B10: 100 | C10: OBRAS PROVISIONALES | D10: m2 | E10: =+'Horas previstas'!F3 -> 1794.68 | F10: =+'Avance Real'!D3 -> 150 | G10: =+F10/E10 -> 0.08358036 | H10: =+'Horas previstas'!H3 -> 100.63 | I10: 9.4340611 | J10: =+Tareo!D3 -> 12.8 | K10: hh/m2 | L10: =+'Base de Datos'!D3 -> 0.056071277 | M10: =+J10/F10 -> 0.085333333 | N10: =+J10/F10 -> 0.085333333 | P10: =+I10-J10 -> -3.3659389 | Q10: hh | S10: S/.
C11: MOVIMIENTO DE TIERRAS
B12: 200 | C12: MOVIMIENTO DE TIERRAS | D12: m3 | E12: =+'Horas previstas'!F4 -> 4390.87 | F12: =+'Avance Real'!D4 -> 450 | G12: =+F12/E12 -> 0.10248538 | H12: =+'Horas previstas'!H4 -> 3931.7 | I12: 442.96778 | J12: =+Tareo!D4 -> 385 | K12: hh/m3 | L12: =+'Base de Datos'!D4 -> 0.89542619 | M12: =+J12/F12 -> 0.85555556 | N12: =+J12/F12 -> 0.85555556 | P12: =+I12-J12 -> 57.967784 | Q12: hh | S12: S/.
C13: ESTRUCTURAS
B14: 300 | C14: CONCRETO | D14: m3 | E14: =+'Horas previstas'!F5 -> 1280.8 | F14: 0 | G14: =+F14/E14 -> 0 | H14: =+'Horas previstas'!H5 -> 2487.06 | I14: 0 | J14: 0 | K14: hh/m3 | L14: =+'Horas previstas'!D5 -> 1.941802 | P14: =+I14-J14 -> 0 | Q14: hh | S14: S/.
B15: 400 | C15: ACERO | D15: m2 | E15: =+'Horas previstas'!F6 -> 4005.92 | F15: 0 | G15: =+F15/E15 -> 0 | H15: =+'Horas previstas'!H6 -> 5370.78 | I15: 0 | J15: 0 | K15: hh/m2 | L15: =+'Horas previstas'!D6 -> 1.3407107 | P15: =+I15-J15 -> 0 | Q15: hh | S15: S/.
B16: 500 | C16: ENCOFRADO | D16: kg | E16: =+'Horas previstas'!F7 -> 53548.07 | F16: 0 | G16: =+F16/E16 -> 0 | H16: =+'Horas previstas'!H7 -> 39327.01 | I16: 0 | J16: 0 | K16: hh/kg | L16: =+'Horas previstas'!D7 -> 0.73442442 | P16: =+I16-J16 -> 0 | Q16: hh | S16: S/.
B18: HH GANADAS/PERDIDAS A LA FECHA | L18: S/. GANADAS/PERDIDAS A LA FECHA
B19: HH GANADAS/PERDIDAS A FIN DE FECHA | L19: S/. GANADAS/PERDIDAS A FIN DE OE
D23: METRADO BASE | E23: METRADO TOTAL
D24: ACUMULADO A LA FECHA | F24: AVANCE ACUMULADO HASTA LA FECHA
D25: % | F25: % DE AVANCE A LA FECHA
D29: HORAS PREVISTAS | F29: TOTAL PREVISTAS
D31: ACUMULADO PREVISTO | F31: HORAS QUE DEBI GASTAR EN FUNCION AL AVANCE
D33: HORAS GASTADAS | F33: HORAS REALES GASTADAS
D35: UND | F35: HH/GLB
D38: RATIO META | F38: RATIO META DE LAS HORAS PREVISTAS
D39: RATIO REAL | F39: HORAS GASTADAS ENTRE AVANCE A LA FECHA
D41: RATIO SEMANA ACTUAL | F41: SOLO DE LA PRESENTE SEMANA
D44: HORAS GANADAS O PERDIDAS | F44: SE RESTA A LAS HORAS GASTADAS

Sheet E. Control
B2: ESTRUCTURA DE CONTROL DE PROYECTO
B4: Código | C4: Material | D4: und | E4: Precio Unitario | F4: IP META

Sheet Metrado Previstas
B2: Código de Partida | C2: Partida | D2: Metrado | E2: Und
B3: 100 | E3: M2 | H3: METRADO TOTAL
B4: 200

Sheet Avance Real 2.
B2: Código de Partida | C2: Partida | D2: Avance Real | E2: Fecha | F2: Semana
I4: AVANCES DE CADA UNA DE LAS SEMANAS POR PARTIDAS

Sheet Consumo de mat. en obra
J1: Diametro | K1: Por ML | L1: Por Varilla
B2: CONSUMO DE MATERIALES (OBRA) | J2: 6 mm | K2: 0.22 | L2: 1.98
J3: 8 mm | K3: 0.4 | L3: 3.6
J4: 3/8 | K4: 0.56 | L4: 5.04
B5: Código de Partida | C5: Partida | D5: Materiales | E5: Cantidad | F5: Fecha | G5: Semanas | J5: 12 mm | K5: 0.89 | L5: 8.01
B6: 100 | J6: 1/2 | K6: 0.99 | L6: 8.91
B7: 200
J9: SE COLOCA LOS METRADOS DE MATERIALES REALMENTE UTILIZADOS
B10: 500 | C10: ACERO | D10: Acero corrugado

Sheet CP_MAT
B3: Proyecto: | D3: FECHA:
D4: SEMANA:
M10: GANADAS Y PERDIDAS
E11: AVANCE | H11: MATERIALES | K11: PRODUCTIVIDAD
B12: Cod. PC | C12: MATERIAL | D12: und | E12: Metrado Base | F12: Acumulado a la Fecha | G12: % Acumulado a la Fecha | H12: Materiales Previstas | I12: Acumulado Previsto | J12: Acumulado Real (Mat. Gastadas) | K12: META | L12: ACUMULADO REAL | M12: ACUMULADO REAL | N12: Costo Material (S/.) | O12: (S/.) ACUMULADO REAL
L19: S/. GANADAS/PERDIDAS A LA FECHA
