Workbook
Name estatus: #REF!
Name estatus21: #REF!
Name STATUS: #REF!
Name STATUS2: #REF!
Name status20: #REF!
Name turnos: '[1]16'!$BV$10:$BV$19

Sheet Pala 4100 XPCAC
B3: PALA ELÉCTRICA P&H 4100 XPC AC (KOMATSU)
P9: Especificaciones técnicas del equipo

Sheet Pala 203 Filtrado
A1: Equipo | B1: Flota | C1: Año | D1: Mes | E1: Fecha | F1: Hora | G1: Duration | H1: DURACIÓN DEC. | I1: Fecha Inicio | J1: Fecha Fin | K1: Días | L1: Hrs Opera | M1: Estado | N1: Codigo | O1: Categoria | P1: Razon | Q1: CODIGO COMPONENTE | R1: DESCRIPCIÓN | S1: OT | T1: SISTEMA | U1: SUBSISTEMA | V1: COMPONENTE ASOCIADO
A2: 203 | B2: 4100 | C2: 2019 | D2: October | E2: 43739 | F2: 0.2971875 | G2: 0.036145833 | H2: 0.8675 | I2: =E2+F2 -> 43739.297 | J2: =I2+G2 -> 43739.333 | M2: Pane | N2: 937 | O2: Averia | P2: FALLA ALIMENTACION ELECTRICA | R2: EQUIPO QUEDA SIN JanRGIA | T2: SIN INFORMACIÓN | U2: SIN INFORMACIÓN | V2: SIN INFORMACIÓN
A3: 203 | B3: 4100 | C3: 2019 | D3: October | E3: 43740 | F3: 0.73869213 | G3: 0.030428241 | H3: 0.73027778 | I3: =E3+F3 -> 43740.739 | J3: =I3+G3 -> 43740.769 | K3: =I3-J2 -> 1.4053588 | L3: =K3*24 -> 33.728611 | M3: Pane | N3: 607 | O3: Averia | P3: ESTRUCTURAS | Q3: 160 | R3: CAMBIO DE PUNTAS DE BALDE | S3: A200047070 | T3: ESTRUCTURAS | U3: Elemento Desgaste | V3: ELEMENTOS DESGASTE
A4: 203 | B4: 4100 | C4: 2019 | D4: October | E4: 43742 | F4: 12:15:40 | G4: 00:16:08 | H4: 0.26888889 | I4: =E4+F4 -> 43742.511 | J4: =I4+G4 -> 43742.522 | K4: =I4-J3 -> 1.7417593 | L4: =K4*24 -> 41.802222 | M4: Pane | N4: 719 | O4: Averia | P4: CABINA | Q4: 60 | R4: CAMBIO DE FILTROS DE AIRE CABINA | S4: A200047539 | T4: CABINA | U4: Aire aconDecionado | V4: FILTRO CABINA
A5: 203 | B5: 4100 | C5: 2019 | D5: October | E5: 43745 | F5: 09:51:32 | G5: 01:56:07 | H5: 1.9352778 | I5: =E5+F5 -> 43745.411 | J5: =I5+G5 -> 43745.491 | K5: =I5-J4 -> 2.8887037 | L5: =K5*24 -> 69.328889 | M5: Pane | N5: 601 | O5: Averia | P5: SISTEMA PROPULSION (TRASLADO) | Q5: 1268 | R5: SE REPOSICIONA BLOWER EN BASE | S5: A200047999 | T5: SISTEMA PROPULSION (TRASLADO) | U5: Motor propel | V5: MOTOR PROPEL DERECHO
A6: 203 | B6: 4100 | C6: 2019 | D6: October | E6: 43746 | F6: 18:05:11 | G6: 00:37:04 | H6: 0.61777778 | I6: =E6+F6 -> 43746.754 | J6: =I6+G6 -> 43746.779 | K6: =I6-J5 -> 1.2621759 | L6: =K6*24 -> 30.292222 | M6: Pane | N6: 602 | O6: Averia | P6: SISTEMA HOIST (LEVANTE) | Q6: 1155 | R6: SE AJUSTA SENSOR DE SLACK | S6: A200048532 | T6: SISTEMA HOIST (LEVANTE) | U6: Frenos hoist | V6: FRENOS HOIST DELANTERO
A7: 203 | B7: 4100 | C7: 2019 | D7: October | E7: 43748 | F7: 22:02:41 | G7: 03:28:20 | H7: 3.4722222 | I7: =E7+F7 -> 43748.919 | J7: =I7+G7 -> 43749.063 | K7: =I7-J6 -> 2.1391898 | L7: =K7*24 -> 51.340556 | M7: Pane | N7: 606 | O7: Averia | P7: SISTEMA ELECTRICO | Q7: 186 | R7: PROBLEMAS CON SENSOR ESCALERA PRINCIPAL-CAMBIO SWITCH SENSOR ESCALERA | S7: 200049089 | T7: ESTRUCTURAS | U7: Estructuras | V7: PLATAFORMAS Y ESCALERAS
A8: 203 | B8: 4100 | C8: 2019 | D8: October | E8: 43749 | F8: 08:55:00 | G8: 00:15:30 | H8: 0.25833333 | I8: =E8+F8 -> 43749.372 | J8: =I8+G8 -> 43749.382 | K8: =I8-J7 -> 0.30832176 | L8: =K8*24 -> 7.3997222 | M8: Pane | N8: 603 | O8: Averia | P8: SISTEMA CROWD | Q8: 704 | R8: NO LIBERA FRENO CROWD, DA CONDecION SI INTERVENCIONDE TECNICO | T8: SISTEMA CROWD | U8: Freno crowd | V8: FRENO CROWD
A9: 203 | B9: 4100 | C9: 2019 | D9: October | E9: 43752 | F9: 21:39:08 | G9: 00:20:52 | H9: 0.34777778 | I9: =E9+F9 -> 43752.902 | J9: =I9+G9 -> 43752.917 | K9: =I9-J8 -> 3.5198843 | L9: =K9*24 -> 84.477222 | M9: Pane | N9: 605 | O9: Averia | P9: SISTEMA LUBRICACION | Q9: 1189 | R9: FALLA LUBRICACION INFERIOR-MANTENCION V/V DIRECCIONAL LUBRICACION ABIERTA | S9: 200049919 | T9: SISTEMA LUBRICACION | U9: Sistema lubricacion | V9: LUBRICACION
A10: 203 | B10: 4100 | C10: 2019 | D10: October | E10: 43754 | F10: 0.23364583 | G10: 00:31:14 | H10: 0.52055556 | I10: =E10+F10 -> 43754.234 | J10: =I10+G10 -> 43754.255 | K10: =I10-J9 -> 1.3169792 | L10: =K10*24 -> 31.6075 | M10: Pane | N10: 606 | O10: Averia | P10: SISTEMA ELECTRICO | Q10: 890 | R10: SOPLADO DE FILTROS DE FAN ISO SWING | S10: A200050651 | T10: SISTEMA ELECTRICO | U10: Swing | V10: SWING
A11: 203 | B11: 4100 | C11: 2019 | D11: October | E11: 43756 | F11: 11:04:56 | G11: 00:43:34 | H11: 0.72611111 | I11: =E11+F11 -> 43756.462 | J11: =I11+G11 -> 43756.492 | K11: =I11-J10 -> 2.2064236 | L11: =K11*24 -> 52.954167 | M11: Pane | N11: 607 | O11: Averia | P11: ESTRUCTURAS | Q11: 122 | R11: PROBLEMAS CON BIELA DE BALDE, SE NORMALIZA BIELA, CHEQUEO ELEMENTOS DE DESGASTE | S11: 200051140 | T11: ESTRUCTURAS | U11: Balde | V11: BALANCIN BALDE, LEVER LATCH
A12: 203 | B12: 4100 | C12: 2019 | D12: October | E12: 43756 | F12: 20:03:53 | G12: 0.1118287 | H12: 2.0911111 | I12: =E12+F12 -> 43756.836 | J12: =I12+G12 -> 43756.948 | K12: =I12-J11 -> 0.3440162 | L12: =K12*24 -> 8.2563889 | M12: Pane | N12: 607 | O12: Averia | P12: ESTRUCTURAS | Q12: 160 | R12: CHEQUEO DE PUNTAS PARA CAMBIO | S12: A200051167 | T12: ESTRUCTURAS | U12: Elemento Desgaste | V12: ELEMENTOS DESGASTE
A13: 203 | B13: 4100 | C13: 2019 | D13: October | E13: 43757 | F13: 05:59:47 | G13: 02:00:13 | H13: 2.0036111 | I13: =E13+F13 -> 43757.25 | J13: =I13+G13 -> 43757.333 | K13: =I13-J12 -> 0.30199074 | L13: =K13*24 -> 7.2477778 | M13: Pane | N13: 606 | O13: Averia | P13: SISTEMA ELECTRICO | Q13: 0 | R13: SIN JanRGIA PROBLEMAS CON HILO PILOTO | S13: A200051385 | T13: SIN INFORMACIÓN | U13: SIN INFORMACION | V13: SIN INFORMACIÓN
A14: 203 | B14: 4100 | C14: 2019 | D14: October | E14: 43757 | F14: 08:09:40 | G14: 01:23:50 | H14: 1.3972222 | I14: =E14+F14 -> 43757.34 | J14: =I14+G14 -> 43757.398 | K14: =I14-J13 -> 0.006712963 | L14: =K14*24 -> 0.16111111 | M14: Pane | N14: 607 | O14: Averia | P14: ESTRUCTURAS | Q14: 120 | R14: OREJA TAPA SNUBER DE BALDE POR CAER, SE NORMALIZA SNUBER | S14: 200051294 | T14: ESTRUCTURAS | U14: Balde | V14: ARO BALDE
A15: 203 | B15: 4100 | C15: 2019 | D15: October | E15: 43757 | F15: 16:24:58 | G15: 01:28:40 | H15: 1.4777778 | I15: =E15+F15 -> 43757.684 | J15: =I15+G15 -> 43757.746 | K15: =I15-J14 -> 0.28574074 | L15: =K15*24 -> 6.8577778 | M15: Pane | N15: 604 | O15: Averia | P15: SISTEMA NEUMATICO | Q15: 1234 | R15: CAMBIO FITTING DE LUBRICACION DE LA CORREDERA | S15: 200051317 | T15: SISTEMA NEUMATICO | U15: Compresor aire | V15: COMPRESOR DE AIRE
A16: 203 | B16: 4100 | C16: 2019 | D16: October | E16: 43757 | F16: 23:05:02 | G16: 00:45:46 | H16: 0.76277778 | I16: =E16+F16 -> 43757.962 | J16: =I16+G16 -> 43757.994 | K16: =I16-J15 -> 0.21625 | L16: =K16*24 -> 5.19 | M16: Pane | N16: 719 | O16: Averia | P16: CABINA | Q16: 60 | R16: CAMBIO DE FILTROS DE CABINA | S16: A200051340 | T16: CABINA | U16: Aire aconDecionado | V16: FILTRO CABINA
A17: 203 | B17: 4100 | C17: 2019 | D17: October | E17: 43758 | F17: 06:40:12 | G17: 00:26:34 | H17: 0.44277778 | I17: =E17+F17 -> 43758.278 | J17: =I17+G17 -> 43758.296 | K17: =I17-J16 -> 0.28430556 | L17: =K17*24 -> 6.8233333 | M17: Pane | N17: 606 | O17: Averia | P17: SISTEMA ELECTRICO | Q17: 704 | R17: SE LIMPIA CUERPO DE VALVULA DEL FRENO CROWD | S17: A200051518 | T17: SISTEMA CROWD | U17: Freno crowd | V17: FRENO CROWD
A18: 203 | B18: 4100 | C18: 2019 | D18: October | E18: 43758 | F18: 08:00:00 | G18: 03:55:14 | H18: 3.9205556 | I18: =E18+F18 -> 43758.333 | J18: =I18+G18 -> 43758.497 | K18: =I18-J17 -> 0.036967593 | L18: =K18*24 -> 0.88722222 | M18: Pane | N18: 606 | O18: Averia | P18: SISTEMA ELECTRICO | Q18: 0 | R18: SIN JanRGIA PROBLEMAS CON HILO PILOTO | S18: A200051385 | T18: SIN INFORMACIÓN | U18: SIN INFORMACION | V18: SIN INFORMACIÓN
A19: 203 | B19: 4100 | C19: 2019 | D19: October | E19: 43758 | F19: 13:50:38 | G19: 02:00:13 | H19: 2.0036111 | I19: =E19+F19 -> 43758.577 | J19: =I19+G19 -> 43758.66 | K19: =I19-J18 -> 0.080138889 | L19: =K19*24 -> 1.9233333 | M19: Pane | N19: 607 | O19: Averia | P19: ESTRUCTURAS | Q19: 113 | R19: PASADOR VIELA DE BALDE SE DESPLAZA | S19: 200051410 | T19: #N/A | U19: #N/A | V19: #N/A
A20: 203 | B20: 4100 | C20: 2019 | D20: October | E20: 43758 | F20: 17:50:25 | G20: 02:09:35 | H20: 2.1597222 | I20: =E20+F20 -> 43758.743 | J20: 43759.257 | K20: =I20-J19 -> 0.083032407 | L20: =K20*24 -> 1.9927778 | M20: Pane | N20: 607 | O20: Averia | P20: ESTRUCTURAS | Q20: 123 | R20: SE CORTAN AMBAS OREJAS SNUBBER BALDE LADO IZQUIERDO | S20: 200051422 | T20: ESTRUCTURAS | U20: Balde | V20: BALDE
A21: 203 | B21: 4100 | C21: 2019 | D21: October | E21: 43759 | F21: 16:03:16 | G21: 03:08:33 | H21: 3.1425 | I21: =E21+F21 -> 43759.669 | J21: =I21+G21 -> 43759.8 | K21: =I21-J20 -> 0.4121875 | L21: =K21*24 -> 9.8925 | M21: Pane | N21: 605 | O21: Averia | P21: SISTEMA LUBRICACION | Q21: 1194 | R21: FALLA DDE GRASA SUOERIO | S21: 200051715 | T21: SISTEMA LUBRICACION | U21: Tanque lubricacion | V21: ESTANQUE DE GRASA
A22: 203 | B22: 4100 | C22: 2019 | D22: October | E22: 43759 | F22: 20:59:33 | G22: 01:00:21 | H22: 1.0058333 | I22: =E22+F22 -> 43759.875 | J22: =I22+G22 -> 43759.917 | K22: =I22-J21 -> 0.074814815 | L22: =K22*24 -> 1.7955556 | M22: Pane | N22: 605 | O22: Averia | P22: SISTEMA LUBRICACION | Q22: 1189 | R22: SE REGULAN PRESIONES DE SISTEMA CERRADO DE LUBRICACION Y SE REGULAN TIEMPOS | S22: A2000517 | T22: SISTEMA LUBRICACION | U22: Sistema lubricacion | V22: LUBRICACION
A23: 203 | B23: 4100 | C23: 2019 | D23: October | E23: 43760 | F23: 07:39:17 | G23: 00:20:43 | H23: 0.34527778 | I23: =E23+F23 -> 43760.319 | J23: =I23+G23 -> 43760.333 | K23: =I23-J22 -> 0.40234954 | L23: =K23*24 -> 9.6563889 | M23: Pane | N23: 607 | O23: Averia | P23: ESTRUCTURAS | Q23: 123 | R23: SE CAE PUNTA DEL BALDE-REPOSICION DE PUNTA POSICION 7 MAS WEARCAP | S23: 200052262 | T23: ESTRUCTURAS | U23: Balde | V23: BALDE
A24: 203 | B24: 4100 | C24: 2019 | D24: October | E24: 43761 | F24: 08:00:00 | G24: 02:52:17 | H24: 2.8713889 | I24: =E24+F24 -> 43761.333 | J24: =I24+G24 -> 43761.453 | K24: =I24-J23 -> 1 | L24: =K24*24 -> 24 | M24: Pane | N24: 607 | O24: Averia | P24: ESTRUCTURAS | Q24: 123 | R24: SE CAE PUNTA DEL BALDE-REPOSICION DE PUNTA POSICION 7 MAS WEARCAP | S24: 200052262 | T24: ESTRUCTURAS | U24: Balde | V24: BALDE
A25: 203 | B25: 4100 | C25: 2019 | D25: October | E25: 43762 | F25: 01:40:00 | G25: 01:50:00 | H25: 1.8333333 | I25: =E25+F25 -> 43762.069 | J25: 43763.601 | K25: =I25-J24 -> 0.61646991 | L25: =K25*24 -> 14.795278 | M25: Pane | N25: 602 | O25: Averia | P25: SISTEMA HOIST (LEVANTE) | Q25: 1154 | R25: CAMBIO DE CABLES DE LEVANTE | S25: 200052592 | T25: SISTEMA HOIST (LEVANTE) | U25: Cables levante | V25: CABLES LEVANTE
A26: 203 | B26: 4100 | C26: 2019 | D26: October | E26: 43763 | F26: 16:08:33 | G26: 00:37:49 | H26: 0.63027778 | I26: =E26+F26 -> 43763.673 | J26: =I26+G26 -> 43763.699 | K26: =I26-J25 -> 0.071712963 | L26: =K26*24 -> 1.7211111 | M26: Pane | N26: 606 | O26: Averia | P26: SISTEMA ELECTRICO | Q26: 894 | R26: DIFERENCIA TEMPERATURA LADO IZQUIERDO-CAMBIO FAN ISU 3 LADO IZQUIERDO | S26: 200052863 | T26: SISTEMA ELECTRICO | U26: Ventilador sala maquina | V26: VENTILADOR SALA MAQUINA IZQUIERDO
A27: 203 | B27: 4100 | C27: 2019 | D27: October | E27: 43764 | F27: 01:10:00 | G27: 00:32:46 | H27: 0.54611111 | I27: =E27+F27 -> 43764.049 | J27: =I27+G27 -> 43764.071 | K27: =I27-J26 -> 0.34974537 | L27: =K27*24 -> 8.3938889 | M27: Pane | N27: 509 | O27: Averia | P27: ESPERA RECURSO | Q27: 0 | R27: EQUIPO SE ENTREGA OPERATIVO, COMIENZA TRASLADO LARGO A POSTURA | T27: SIN INFORMACIÓN | U27: SIN INFORMACION | V27: SIN INFORMACIÓN
A28: 203 | B28: 4100 | C28: 2019 | D28: October | E28: 43765 | F28: 03:06:56 | G28: 02:36:12 | H28: 2.6033333 | I28: =E28+F28 -> 43765.13 | J28: =I28+G28 -> 43765.238 | K28: =I28-J27 -> 1.0584491 | L28: =K28*24 -> 25.402778 | M28: Pane | N28: 605 | O28: Averia | P28: SISTEMA LUBRICACION | Q28: 1189 | R28: FALLA BAJA Pº LUBRICACION-CAMBIO BB LUBRICACION A POSICION BB AUXILIAR | S28: 200053171 | T28: SISTEMA LUBRICACION | U28: Sistema lubricacion | V28: LUBRICACION
A29: 203 | B29: 4100 | C29: 2019 | D29: October | E29: 43765 | F29: 11:53:03 | G29: 00:41:50 | H29: 0.69722222 | I29: =E29+F29 -> 43765.495 | J29: =I29+G29 -> 43765.524 | K29: =I29-J28 -> 0.25688657 | L29: =K29*24 -> 6.1652778 | M29: Pane | N29: 606 | O29: Averia | P29: SISTEMA ELECTRICO | Q29: 894 | R29: FALLA AMBOS SOPLADORES SALA MAQUINA-SE NORMALIZA DRIVE SALA MAQUINA IZQUIE | S29: 200053077 | T29: SISTEMA ELECTRICO | U29: Ventilador sala maquina | V29: VENTILADOR SALA MAQUINA IZQUIERDO
A30: 203 | B30: 4100 | C30: 2019 | D30: October | E30: 43765 | F30: 13:09:47 | G30: 00:52:25 | H30: 0.87361111 | I30: =E30+F30 -> 43765.548 | J30: =I30+G30 -> 43765.585 | K30: =I30-J29 -> 0.024236111 | L30: =K30*24 -> 0.58166667 | M30: Pane | N30: 605 | O30: Averia | P30: SISTEMA LUBRICACION | Q30: 1189 | R30: FALLA LUBRICACION-SE NORMALIZA VASTAGO DE BOMBA LUBRICACION SISTEMA LOWER | S30: 200053090 | T30: SISTEMA LUBRICACION | U30: Sistema lubricacion | V30: LUBRICACION
A31: 203 | B31: 4100 | C31: 2019 | D31: October | E31: 43768 | F31: 14:33:21 | G31: 00:39:59 | H31: 0.66638889 | I31: =E31+F31 -> 43768.606 | J31: =I31+G31 -> 43768.634 | K31: =I31-J30 -> 3.0216319 | L31: =K31*24 -> 72.519167 | M31: Pane | N31: 509 | O31: Averia | P31: ESPERA RECURSO | Q31: 0 | R31: NO SE PUEDE INGRESAR AL SECTOR POR TRONADURA | S31: S OT | T31: SIN INFORMACIÓN | U31: SIN INFORMACION | V31: SIN INFORMACIÓN
A32: 203 | B32: 4100 | C32: 2019 | D32: October | E32: 43769 | F32: 10:30:20 | G32: 00:26:55 | H32: 0.44861111 | I32: =E32+F32 -> 43769.438 | J32: =I32+G32 -> 43769.456 | K32: =I32-J31 -> 0.80347222 | L32: =K32*24 -> 19.283333 | M32: Pane | N32: 606 | O32: Averia | P32: SISTEMA ELECTRICO | Q32: 704 | R32: REAPRITE DE TENSOR DE SLACK ROPE | S32: A200054293 | T32: SISTEMA CROWD | U32: Freno crowd | V32: FRENO CROWD
A33: 203 | B33: =VLOOKUP(A33,'[2]Flota Mina '!$C$5:$D$105,2,FALSE) -> 4100 | C33: 2019 | D33: =TEXT(E33,"MMMM") -> noviembre | E33: 43772 | F33: 15:22:19 | G33: 01:21:19 | H33: =G33*24 -> 1.3552778 | I33: =E33+F33 -> 43772.64 | J33: =I33+G33 -> 43772.697 | K33: =I33-J32 -> 3.1840741 | L33: =K33*24 -> 76.417778 | M33: Pane | N33: 604 | O33: Averia | P33: SISTEMA NEUMATICO | Q33: 1233 | R33: SE REGULA PRESIONES DE BOMBA Y VALVULA SPRAY Y SE NORMALIZAN TIEMPOS | S33: A200054920 | T33: =VLOOKUP(Q33,[2]CÓDIGOS!$A$2:$C$2024,3,) -> SISTEMA NEUMATICO | U33: =VLOOKUP(Q33,[2]CÓDIGOS!$A$2:$D$2024,4,) -> Valvula reguladora presion | V33: =VLOOKUP(Q33,[2]CÓDIGOS!$A$2:$B$2024,2,) -> VALVULA REGULADORA PRESION
A34: 203 | B34: =VLOOKUP(A34,'[2]Flota Mina '!$C$5:$D$105,2,FALSE) -> 4100 | C34: 2019 | D34: =TEXT(E34,"MMMM") -> noviembre | E34: 43777 | F34: 03:58:43 | G34: 00:35:12 | H34: =G34*24 -> 0.58666667 | I34: =E34+F34 -> 43777.166 | J34: =I34+G34 -> 43777.19 | K34: =I34-J33 -> 4.4688079 | L34: =K34*24 -> 107.25139 | M34: Pane | N34: 606 | O34: Averia | P34: SISTEMA ELECTRICO | Q34: 0 | R34: FALLA DRIVE VENTILADOR SALA MAQUINA IZQUIERDO | S34: 200056511 | T34: =VLOOKUP(Q34,[2]CÓDIGOS!$A$2:$C$2024,3,) -> SIN INFORMACIÓN | U34: =VLOOKUP(Q34,[2]CÓDIGOS!$A$2:$D$2024,4,) -> SIN INFORMACION | V34: =VLOOKUP(Q34,[2]CÓDIGOS!$A$2:$B$2024,2,) -> SIN INFORMACIÓN
A35: 203 | B35: =VLOOKUP(A35,'[2]Flota Mina '!$C$5:$D$105,2,FALSE) -> 4100 | C35: 2019 | D35: =TEXT(E35,"MMMM") -> noviembre | E35: 43777 | F35: 16:56:10 | G35: 01:49:38 | H35: =G35*24 -> 1.8272222 | I35: =E35+F35 -> 43777.706 | J35: =I35+G35 -> 43777.782 | K35: =I35-J34 -> 0.51545139 | L35: =K35*24 -> 12.370833 | M35: Pane | N35: 937 | O35: Averia | P35: FALLA ALIMENTACION ELECTRICA | Q35: 0 | R35: EQUIPO EN TRASLADO QUEDA SIN JanRGIA | T35: =VLOOKUP(Q35,[2]CÓDIGOS!$A$2:$C$2024,3,) -> SIN INFORMACIÓN | U35: =VLOOKUP(Q35,[2]CÓDIGOS!$A$2:$D$2024,4,) -> SIN INFORMACION | V35: =VLOOKUP(Q35,[2]CÓDIGOS!$A$2:$B$2024,2,) -> SIN INFORMACIÓN
A36: 203 | B36: =VLOOKUP(A36,'[2]Flota Mina '!$C$5:$D$105,2,FALSE) -> 4100 | C36: 2019 | D36: =TEXT(E36,"MMMM") -> noviembre | E36: 43778 | F36: 12:46:12 | G36: 01:14:23 | H36: =G36*24 -> 1.2397222 | I36: =E36+F36 -> 43778.532 | J36: =I36+G36 -> 43778.584 | K36: =I36-J35 -> 0.75027778 | L36: =K36*24 -> 18.006667 | M36: Pane | N36: 605 | O36: Averia | P36: SISTEMA LUBRICACION | T36: =VLOOKUP(Q36,[2]CÓDIGOS!$A$2:$C$2024,3,) -> SIN INFORMACIÓN | U36: =VLOOKUP(Q36,[2]CÓDIGOS!$A$2:$D$2024,4,) -> SIN INFORMACION | V36: =VLOOKUP(Q36,[2]CÓDIGOS!$A$2:$B$2024,2,) -> SIN INFORMACIÓN
A37: 203 | B37: =VLOOKUP(A37,'[2]Flota Mina '!$C$5:$D$105,2,FALSE) -> 4100 | C37: 2019 | D37: =TEXT(E37,"MMMM") -> noviembre | E37: 43779 | F37: 03:17:10 | G37: 04:13:09 | H37: =G37*24 -> 4.2191667 | I37: =E37+F37 -> 43779.137 | J37: =I37+G37 -> 43779.313 | K37: =I37-J36 -> 0.55318287 | L37: =K37*24 -> 13.276389 | M37: Pane | N37: 607 | O37: Averia | P37: ESTRUCTURAS | Q37: 186 | R37: PROBLEMAS CON ESCALA PRINCIPAL-SE CAMBIAN AMBOS CILINDROS DE ESCALERA | S37: 200056803 | T37: =VLOOKUP(Q37,[2]CÓDIGOS!$A$2:$C$2024,3,) -> ESTRUCTURAS | U37: =VLOOKUP(Q37,[2]CÓDIGOS!$A$2:$D$2024,4,) -> Estructuras | V37: =VLOOKUP(Q37,[2]CÓDIGOS!$A$2:$B$2024,2,) -> PLATAFORMAS Y ESCALERAS
A38: 203 | B38: =VLOOKUP(A38,'[2]Flota Mina '!$C$5:$D$105,2,FALSE) -> 4100 | C38: 2019 | D38: =TEXT(E38,"MMMM") -> noviembre | E38: 43779 | F38: 23:55:00 | G38: 00:55:52 | H38: =G38*24 -> 0.93111111 | I38: =E38+F38 -> 43779.997 | J38: =I38+G38 -> 43780.035 | K38: =I38-J37 -> 0.68380787 | L38: =K38*24 -> 16.411389 | M38: Pane | N38: 719 | O38: Averia | P38: CABINA | Q38: 77 | R38: PROBLEMAS CON BOCINA | S38: 200056731 | T38: =VLOOKUP(Q38,[2]CÓDIGOS!$A$2:$C$2024,3,) -> CABINA | U38: =VLOOKUP(Q38,[2]CÓDIGOS!$A$2:$D$2024,4,) -> Bocina | V38: =VLOOKUP(Q38,[2]CÓDIGOS!$A$2:$B$2024,2,) -> BOCINA
A39: 203 | B39: =VLOOKUP(A39,'[2]Flota Mina '!$C$5:$D$105,2,FALSE) -> 4100 | C39: 2019 | D39: =TEXT(E39,"MMMM") -> noviembre | E39: 43781 | F39: 10:36:50 | G39: 00:56:03 | H39: =G39*24 -> 0.93416667 | I39: =E39+F39 -> 43781.442 | J39: =I39+G39 -> 43781.481 | K39: =I39-J38 -> 1.4069213 | L39: =K39*24 -> 33.766111 | M39: Pane | N39: 605 | O39: Averia | P39: SISTEMA LUBRICACION | Q39: 1213 | R39: AUMENTO DE PRESION DE GRASA INFERIOR | S39: 200057188 | T39: =VLOOKUP(Q39,[2]CÓDIGOS!$A$2:$C$2024,3,) -> SISTEMA LUBRICACION | U39: =VLOOKUP(Q39,[2]CÓDIGOS!$A$2:$D$2024,4,) -> Valvula lubricacion open gear | V39: =VLOOKUP(Q39,[2]CÓDIGOS!$A$2:$B$2024,2,) -> VALVULAS LUBRICACION ABIERTA
A40: 203 | B40: =VLOOKUP(A40,'[2]Flota Mina '!$C$5:$D$105,2,FALSE) -> 4100 | C40: 2019 | D40: =TEXT(E40,"MMMM") -> noviembre | E40: 43781 | F40: 20:47:58 | G40: 01:08:38 | H40: =G40*24 -> 1.1438889 | I40: =E40+F40 -> 43781.867 | J40: =I40+G40 -> 43781.914 | K40: =I40-J39 -> 0.38547454 | L40: =K40*24 -> 9.2513889 | M40: Pane | N40: 605 | O40: Averia | P40: SISTEMA LUBRICACION | Q40: 1192 | R40: BAJA Pº AIRE-SE NORMALIZA BOMBA DE LUBRICACION ABIERTA | S40: 200057288 | T40: =VLOOKUP(Q40,[2]CÓDIGOS!$A$2:$C$2024,3,) -> SISTEMA LUBRICACION | U40: =VLOOKUP(Q40,[2]CÓDIGOS!$A$2:$D$2024,4,) -> bombas lubricacion | V40: =VLOOKUP(Q40,[2]CÓDIGOS!$A$2:$B$2024,2,) -> BOMBAS LUBRICACION ABIERTA
A41: 203 | B41: =VLOOKUP(A41,'[2]Flota Mina '!$C$5:$D$105,2,FALSE) -> 4100 | C41: 2019 | D41: =TEXT(E41,"MMMM") -> noviembre | E41: 43782 | F41: 02:08:39 | G41: 05:51:21 | H41: =G41*24 -> 5.8558333 | I41: =E41+F41 -> 43782.089 | J41: =I41+G41 -> 43782.333 | K41: =I41-J40 -> 0.17503472 | L41: =K41*24 -> 4.2008333 | M41: Pane | N41: 605 | O41: Averia | P41: SISTEMA LUBRICACION | Q41: 1213 | R41: CAMBIO V/V VENTIO Y MEJORA EN TIEMPO LUBRICACION+ MANT TRANSDUCTOR | S41: 200057671 | T41: =VLOOKUP(Q41,[2]CÓDIGOS!$A$2:$C$2024,3,) -> SISTEMA LUBRICACION | U41: =VLOOKUP(Q41,[2]CÓDIGOS!$A$2:$D$2024,4,) -> Valvula lubricacion open gear | V41: =VLOOKUP(Q41,[2]CÓDIGOS!$A$2:$B$2024,2,) -> VALVULAS LUBRICACION ABIERTA
A42: 203 | B42: =VLOOKUP(A42,'[2]Flota Mina '!$C$5:$D$105,2,FALSE) -> 4100 | C42: 2019 | D42: =TEXT(E42,"MMMM") -> noviembre | E42: 43782 | F42: 20:49:28 | G42: 01:13:36 | H42: =G42*24 -> 1.2266667 | I42: =E42+F42 -> 43782.868 | J42: =I42+G42 -> 43782.919 | K42: =I42-J41 -> 0.53435185 | L42: =K42*24 -> 12.824444 | M42: Pane | N42: 605 | O42: Averia | P42: SISTEMA LUBRICACION | Q42: 0 | R42: SE CONFIGURAN TIEMPOS DE LUBRICACION + PRUEBAS | S42: A200057664 | T42: =VLOOKUP(Q42,[2]CÓDIGOS!$A$2:$C$2024,3,) -> SIN INFORMACIÓN | U42: =VLOOKUP(Q42,[2]CÓDIGOS!$A$2:$D$2024,4,) -> SIN INFORMACION | V42: =VLOOKUP(Q42,[2]CÓDIGOS!$A$2:$B$2024,2,) -> SIN INFORMACIÓN
A43: 203 | B43: =VLOOKUP(A43,'[2]Flota Mina '!$C$5:$D$105,2,FALSE) -> 4100 | C43: 2019 | D43: =TEXT(E43,"MMMM") -> noviembre | E43: 43783 | F43: 08:00:00 | G43: 04:36:51 | H43: =G43*24 -> 4.6141667 | I43: =E43+F43 -> 43783.333 | J43: =I43+G43 -> 43783.526 | K43: =I43-J42 -> 0.41453704 | L43: =K43*24 -> 9.9488889 | M43: Pane | N43: 605 | O43: Averia | P43: SISTEMA LUBRICACION | Q43: 1213 | R43: CAMBIO V/V VENTIO Y MEJORA EN TIEMPO LUBRICACION+ MANT TRANSDUCTOR | S43: 200057671 | T43: =VLOOKUP(Q43,[2]CÓDIGOS!$A$2:$C$2024,3,) -> SISTEMA LUBRICACION | U43: =VLOOKUP(Q43,[2]CÓDIGOS!$A$2:$D$2024,4,) -> Valvula lubricacion open gear | V43: =VLOOKUP(Q43,[2]CÓDIGOS!$A$2:$B$2024,2,) -> VALVULAS LUBRICACION ABIERTA
A44: 203 | B44: =VLOOKUP(A44,'[2]Flota Mina '!$C$5:$D$105,2,FALSE) -> 4100 | C44: 2019 | D44: =TEXT(E44,"MMMM") -> noviembre | E44: 43785 | F44: 02:40:30 | G44: 00:45:00 | H44: =G44*24 -> 0.75 | I44: =E44+F44 -> 43785.111 | J44: =I44+G44 -> 43785.143 | K44: =I44-J43 -> 1.5858681 | L44: =K44*24 -> 38.060833 | M44: Pane | N44: 719 | O44: Averia | P44: CABINA | Q44: 64 | R44: CAMBIO DE FILTROS DE CABINA Y SOPLADO DE MODULO | S44: A200058409 | T44: =VLOOKUP(Q44,[2]CÓDIGOS!$A$2:$C$2024,3,) -> CABINA | U44: =VLOOKUP(Q44,[2]CÓDIGOS!$A$2:$D$2024,4,) -> Instrumentos cabina | V44: =VLOOKUP(Q44,[2]CÓDIGOS!$A$2:$B$2024,2,) -> PANEL DE INSTRUMENTOS/JOISTICK
A45: 203 | B45: =VLOOKUP(A45,'[2]Flota Mina '!$C$5:$D$105,2,FALSE) -> 4100 | C45: 2019 | D45: =TEXT(E45,"MMMM") -> noviembre | E45: 43785 | F45: 08:32:55 | G45: 00:47:04 | H45: =G45*24 -> 0.78444444 | I45: =E45+F45 -> 43785.356 | J45: =I45+G45 -> 43785.389 | K45: =I45-J44 -> 0.2134838 | L45: =K45*24 -> 5.1236111 | M45: Pane | N45: 606 | O45: Averia | P45: SISTEMA ELECTRICO | Q45: 64 | R45: FALLA PERDIDA COMUNICACION DRIVE BLOWER SALA MAQ IZQ- MANT FIBRA OPTICA | S45: A200058333 | T45: =VLOOKUP(Q45,[2]CÓDIGOS!$A$2:$C$2024,3,) -> CABINA | U45: =VLOOKUP(Q45,[2]CÓDIGOS!$A$2:$D$2024,4,) -> Instrumentos cabina | V45: =VLOOKUP(Q45,[2]CÓDIGOS!$A$2:$B$2024,2,) -> PANEL DE INSTRUMENTOS/JOISTICK
A46: 203 | B46: =VLOOKUP(A46,'[2]Flota Mina '!$C$5:$D$105,2,FALSE) -> 4100 | C46: 2019 | D46: =TEXT(E46,"MMMM") -> noviembre | E46: 43788 | F46: 06:57:46 | G46: 01:02:14 | H46: =G46*24 -> 1.0372222 | I46: =E46+F46 -> 43788.29 | J46: =I46+G46 -> 43788.333 | K46: =I46-J45 -> 2.9012384 | L46: =K46*24 -> 69.629722 | M46: Pane | N46: 602 | O46: Averia | P46: SISTEMA HOIST (LEVANTE) | Q46: 64 | R46: SE APLICAN FRENOS POR CONDecION DE INCLINACION DE EQUIPO | S46: 200059170 | T46: =VLOOKUP(Q46,[2]CÓDIGOS!$A$2:$C$2024,3,) -> CABINA | U46: =VLOOKUP(Q46,[2]CÓDIGOS!$A$2:$D$2024,4,) -> Instrumentos cabina | V46: =VLOOKUP(Q46,[2]CÓDIGOS!$A$2:$B$2024,2,) -> PANEL DE INSTRUMENTOS/JOISTICK
A47: 203 | B47: =VLOOKUP(A47,'[2]Flota Mina '!$C$5:$D$105,2,FALSE) -> 4100 | C47: 2019 | D47: =TEXT(E47,"MMMM") -> noviembre | E47: 43789 | F47: 08:00:00 | G47: 04:36:29 | H47: =G47*24 -> 4.6080556 | I47: =E47+F47 -> 43789.333 | J47: =I47+G47 -> 43789.525 | K47: =I47-J46 -> 1 | L47: =K47*24 -> 24 | M47: Pane | N47: 602 | O47: Averia | P47: SISTEMA HOIST (LEVANTE) | Q47: 64 | R47: SE APLICAN FRENOS POR CONDecION DE INCLINACION DE EQUIPO | S47: 200059170 | T47: =VLOOKUP(Q47,[2]CÓDIGOS!$A$2:$C$2024,3,) -> CABINA | U47: =VLOOKUP(Q47,[2]CÓDIGOS!$A$2:$D$2024,4,) -> Instrumentos cabina | V47: =VLOOKUP(Q47,[2]CÓDIGOS!$A$2:$B$2024,2,) -> PANEL DE INSTRUMENTOS/JOISTICK
A48: 203 | B48: =VLOOKUP(A48,'[2]Flota Mina '!$C$5:$D$105,2,FALSE) -> 4100 | C48: 2019 | D48: =TEXT(E48,"MMMM") -> noviembre | E48: 43789 | F48: 18:51:30 | G48: 01:08:30 | H48: =G48*24 -> 1.1416667 | I48: =E48+F48 -> 43789.786 | J48: =I48+G48 -> 43789.833 | K48: =I48-J47 -> 0.26042824 | L48: =K48*24 -> 6.2502778 | M48: Pane | N48: 605 | O48: Averia | P48: SISTEMA LUBRICACION | Q48: 64 | T48: =VLOOKUP(Q48,[2]CÓDIGOS!$A$2:$C$2024,3,) -> CABINA | U48: =VLOOKUP(Q48,[2]CÓDIGOS!$A$2:$D$2024,4,) -> Instrumentos cabina | V48: =VLOOKUP(Q48,[2]CÓDIGOS!$A$2:$B$2024,2,) -> PANEL DE INSTRUMENTOS/JOISTICK
A49: 203 | B49: =VLOOKUP(A49,'[2]Flota Mina '!$C$5:$D$105,2,FALSE) -> 4100 | C49: 2019 | D49: =TEXT(E49,"MMMM") -> noviembre | E49: 43792 | F49: 20:15:30 | G49: 00:52:05 | H49: =G49*24 -> 0.86805556 | I49: =E49+F49 -> 43792.844 | J49: =I49+G49 -> 43792.88 | K49: =I49-J48 -> 3.0107639 | L49: =K49*24 -> 72.258333 | M49: Pane | N49: 606 | O49: Averia | P49: SISTEMA ELECTRICO | Q49: 64 | R49: SIN CONDecION DE PARTIDA | S49: 200060002 | T49: =VLOOKUP(Q49,[2]CÓDIGOS!$A$2:$C$2024,3,) -> CABINA | U49: =VLOOKUP(Q49,[2]CÓDIGOS!$A$2:$D$2024,4,) -> Instrumentos cabina | V49: =VLOOKUP(Q49,[2]CÓDIGOS!$A$2:$B$2024,2,) -> PANEL DE INSTRUMENTOS/JOISTICK
A50: 203 | B50: =VLOOKUP(A50,'[2]Flota Mina '!$C$5:$D$105,2,FALSE) -> 4100 | C50: 2019 | D50: =TEXT(E50,"MMMM") -> noviembre | E50: 43793 | F50: 21:29:54 | G50: 00:43:39 | H50: =G50*24 -> 0.7275 | I50: =E50+F50 -> 43793.896 | J50: =I50+G50 -> 43793.926 | K50: =I50-J49 -> 1.0154977 | L50: =K50*24 -> 24.371944 | M50: Pane | N50: 602 | O50: Averia | P50: SISTEMA HOIST (LEVANTE) | Q50: 64 | R50: NO LIBERA FRENO HOIST | S50: 200060097 | T50: =VLOOKUP(Q50,[2]CÓDIGOS!$A$2:$C$2024,3,) -> CABINA | U50: =VLOOKUP(Q50,[2]CÓDIGOS!$A$2:$D$2024,4,) -> Instrumentos cabina | V50: =VLOOKUP(Q50,[2]CÓDIGOS!$A$2:$B$2024,2,) -> PANEL DE INSTRUMENTOS/JOISTICK
A51: 203 | B51: =VLOOKUP(A51,'[2]Flota Mina '!$C$5:$D$105,2,FALSE) -> 4100 | C51: 2019 | D51: =TEXT(E51,"MMMM") -> noviembre | E51: 43794 | F51: 07:06:18 | G51: 00:41:02 | H51: =G51*24 -> 0.68388889 | I51: =E51+F51 -> 43794.296 | J51: =I51+G51 -> 43794.325 | K51: =I51-J50 -> 0.36996528 | L51: =K51*24 -> 8.8791667 | M51: Pane | N51: 606 | O51: Averia | P51: SISTEMA ELECTRICO | Q51: 64 | R51: FALLA DE ISO DE PRECARGA DE CONTACTOR PRICIPAL | T51: =VLOOKUP(Q51,[2]CÓDIGOS!$A$2:$C$2024,3,) -> CABINA | U51: =VLOOKUP(Q51,[2]CÓDIGOS!$A$2:$D$2024,4,) -> Instrumentos cabina | V51: =VLOOKUP(Q51,[2]CÓDIGOS!$A$2:$B$2024,2,) -> PANEL DE INSTRUMENTOS/JOISTICK
A52: 203 | B52: =VLOOKUP(A52,'[2]Flota Mina '!$C$5:$D$105,2,FALSE) -> 4100 | C52: 2019 | D52: =TEXT(E52,"MMMM") -> noviembre | E52: 43795 | F52: 14:19:16 | G52: 00:38:06 | H52: =G52*24 -> 0.635 | I52: =E52+F52 -> 43795.597 | J52: =I52+G52 -> 43795.623 | K52: =I52-J51 -> 1.2721759 | L52: =K52*24 -> 30.532222 | M52: Pane | N52: 602 | O52: Averia | P52: SISTEMA HOIST (LEVANTE) | Q52: 1155 | R52: SE APLICA FRENO HOIST-200060718 | T52: =VLOOKUP(Q52,[2]CÓDIGOS!$A$2:$C$2024,3,) -> SISTEMA HOIST (LEVANTE) | U52: =VLOOKUP(Q52,[2]CÓDIGOS!$A$2:$D$2024,4,) -> Frenos hoist | V52: =VLOOKUP(Q52,[2]CÓDIGOS!$A$2:$B$2024,2,) -> FRENOS HOIST DELANTERO
A53: 203 | B53: =VLOOKUP(A53,'[2]Flota Mina '!$C$5:$D$105,2,FALSE) -> 4100 | C53: 2019 | D53: =TEXT(E53,"MMMM") -> noviembre | E53: 43796 | F53: 17:13:20 | G53: 00:27:06 | H53: =G53*24 -> 0.45166667 | I53: =E53+F53 -> 43796.718 | J53: =I53+G53 -> 43796.736 | K53: =I53-J52 -> 1.0944213 | L53: =K53*24 -> 26.266111 | M53: Pane | N53: 719 | O53: Averia | P53: CABINA | Q53: 76 | R53: CAMBIO DE PARASOL | S53: A200060952 | T53: =VLOOKUP(Q53,[2]CÓDIGOS!$A$2:$C$2024,3,) -> CABINA | U53: =VLOOKUP(Q53,[2]CÓDIGOS!$A$2:$D$2024,4,) -> Vidrios | V53: =VLOOKUP(Q53,[2]CÓDIGOS!$A$2:$B$2024,2,) -> VIDRIOS (PARABRISAS)
A54: 203 | B54: =VLOOKUP(A54,'[2]Flota Mina '!$C$5:$D$105,2,FALSE) -> 4100 | C54: 2019 | D54: =TEXT(E54,"MMMM") -> noviembre | E54: 43797 | F54: 11:45:33 | G54: 00:07:40 | H54: =G54*24 -> 0.12777778 | I54: =E54+F54 -> 43797.49 | J54: =I54+G54 -> 43797.495 | K54: =I54-J53 -> 0.75355324 | L54: =K54*24 -> 18.085278 | M54: Pane | N54: 509 | O54: Averia | P54: ESPERA RECURSO | Q54: 0 | R54: CAMION HLT046 EN POSTURA DE PALA 3 | S54: S OT | T54: =VLOOKUP(Q54,[2]CÓDIGOS!$A$2:$C$2024,3,) -> SIN INFORMACIÓN | U54: =VLOOKUP(Q54,[2]CÓDIGOS!$A$2:$D$2024,4,) -> SIN INFORMACION | V54: =VLOOKUP(Q54,[2]CÓDIGOS!$A$2:$B$2024,2,) -> SIN INFORMACIÓN
A55: 203 | B55: =VLOOKUP(A55,'[2]Flota Mina '!$C$5:$D$105,2,FALSE) -> 4100 | C55: 2019 | D55: =TEXT(E55,"MMMM") -> noviembre | E55: 43797 | F55: 12:22:44 | G55: 07:37:16 | H55: =G55*24 -> 7.6211111 | I55: =E55+F55 -> 43797.516 | J55: 43797.887 | K55: =I55-J54 -> 0.020497685 | L55: =K55*24 -> 0.49194444 | M55: Pane | N55: 605 | O55: Averia | P55: SISTEMA LUBRICACION | Q55: 1194 | R55: ENGRANAJE ABIERTO SUPERIOR Y DEPOSITO GRASA BAJO- REPARA SISTEMA LUBRICACION | S55: A200061 | T55: =VLOOKUP(Q55,[2]CÓDIGOS!$A$2:$C$2024,3,) -> SISTEMA LUBRICACION | U55: =VLOOKUP(Q55,[2]CÓDIGOS!$A$2:$D$2024,4,) -> Tanque lubricacion | V55: =VLOOKUP(Q55,[2]CÓDIGOS!$A$2:$B$2024,2,) -> ESTANQUE DE GRASA
A56: 203 | B56: =VLOOKUP(A56,'[2]Flota Mina '!$C$5:$D$105,2,FALSE) -> 4100 | C56: 2019 | D56: =TEXT(E56,"MMMM") -> noviembre | E56: 43797 | F56: 23:49:42 | G56: 00:04:46 | H56: =G56*24 -> 0.079444444 | I56: =E56+F56 -> 43797.993 | J56: =I56+G56 -> 43797.996 | K56: =I56-J55 -> 0.10585648 | L56: =K56*24 -> 2.5405556 | M56: Pane | N56: 607 | O56: Averia | P56: ESTRUCTURAS | Q56: 184 | R56: REGULACION PESTILLO DEL BALDE | S56: A200061326 | T56: =VLOOKUP(Q56,[2]CÓDIGOS!$A$2:$C$2024,3,) -> ESTRUCTURAS | U56: =VLOOKUP(Q56,[2]CÓDIGOS!$A$2:$D$2024,4,) -> Balde | V56: =VLOOKUP(Q56,[2]CÓDIGOS!$A$2:$B$2024,2,) -> PESTILLO BALDE (PICAPORTE O BAR LATCH)
A57: 203 | B57: =VLOOKUP(A57,'[2]Flota Mina '!$C$5:$D$105,2,FALSE) -> 4100 | C57: 2019 | D57: =TEXT(E57,"MMMM") -> noviembre | E57: 43798 | F57: 08:24:49 | G57: 01:41:27 | H57: =G57*24 -> 1.6908333 | I57: =E57+F57 -> 43798.351 | J57: =I57+G57 -> 43798.421 | K57: =I57-J56 -> 0.35440972 | L57: =K57*24 -> 8.5058333 | M57: Pane | N57: 602 | O57: Averia | P57: SISTEMA HOIST (LEVANTE) | Q57: 1154 | R57: SE REACOMODA CABLE LARGO DE ROLDANA | S57: A200061397 | T57: =VLOOKUP(Q57,[2]CÓDIGOS!$A$2:$C$2024,3,) -> SISTEMA HOIST (LEVANTE) | U57: =VLOOKUP(Q57,[2]CÓDIGOS!$A$2:$D$2024,4,) -> Cables levante | V57: =VLOOKUP(Q57,[2]CÓDIGOS!$A$2:$B$2024,2,) -> CABLES LEVANTE
A58: 203 | B58: =VLOOKUP(A58,'[2]Flota Mina '!$C$5:$D$105,2,FALSE) -> 4100 | C58: 2019 | D58: =TEXT(E58,"MMMM") -> noviembre | E58: 43798 | F58: 10:18:39 | G58: 01:08:02 | H58: =G58*24 -> 1.1338889 | I58: =E58+F58 -> 43798.43 | J58: =I58+G58 -> 43798.477 | K58: =I58-J57 -> 0.008599537 | L58: =K58*24 -> 0.20638889 | M58: Pane | N58: 606 | O58: Averia | P58: SISTEMA ELECTRICO | Q58: 890 | R58: INTERLUDE DE PUERTA INVERSORA SWING | S58: A200061457 | T58: =VLOOKUP(Q58,[2]CÓDIGOS!$A$2:$C$2024,3,) -> SISTEMA ELECTRICO | U58: =VLOOKUP(Q58,[2]CÓDIGOS!$A$2:$D$2024,4,) -> Swing | V58: =VLOOKUP(Q58,[2]CÓDIGOS!$A$2:$B$2024,2,) -> SWING
A59: 203 | B59: =VLOOKUP(A59,'[2]Flota Mina '!$C$5:$D$105,2,FALSE) -> 4100 | C59: 2019 | D59: =TEXT(E59,"MMMM") -> noviembre | E59: 43798 | F59: 16:14:08 | G59: 03:45:52 | H59: =G59*24 -> 3.7644444 | I59: =E59+F59 -> 43798.676 | J59: 43798.981 | K59: =I59-J58 -> 0.19961806 | L59: =K59*24 -> 4.7908333 | M59: Pane | N59: 607 | O59: Averia | P59: ESTRUCTURAS | Q59: 137 | R59: SE CORTO PASADOR DE ORUGA + CAMBIO DE CABLE DIPPER TRIP LARGO | S59: 100052083 | T59: =VLOOKUP(Q59,[2]CÓDIGOS!$A$2:$C$2024,3,) -> ESTRUCTURAS | U59: =VLOOKUP(Q59,[2]CÓDIGOS!$A$2:$D$2024,4,) -> Balde | V59: =VLOOKUP(Q59,[2]CÓDIGOS!$A$2:$B$2024,2,) -> CABLE ABRIR BALDE (DIPPER TRIP)
A60: 203 | B60: =VLOOKUP(A60,'[2]Flota Mina '!$C$5:$D$105,2,FALSE) -> 4100 | C60: 2019 | D60: =TEXT(E60,"MMMM") -> noviembre | E60: 43799 | F60: 10:30:45 | G60: 01:03:02 | H60: =G60*24 -> 1.0505556 | I60: =E60+F60 -> 43799.438 | J60: =I60+G60 -> 43799.482 | K60: =I60-J59 -> 0.45706019 | L60: =K60*24 -> 10.969444 | M60: Pane | N60: 606 | O60: Averia | P60: SISTEMA ELECTRICO | Q60: 859 | R60: SE EJECUTO RESETT IO REMOTO CABINA CONTROL+CHEQUEO DE PASADORES DE ORUGA | S60: A200061633 | T60: =VLOOKUP(Q60,[2]CÓDIGOS!$A$2:$C$2024,3,) -> SISTEMA ELECTRICO | U60: =VLOOKUP(Q60,[2]CÓDIGOS!$A$2:$D$2024,4,) -> Blower | V60: =VLOOKUP(Q60,[2]CÓDIGOS!$A$2:$B$2024,2,) -> BLOWER CONTROL PRINCIPAL
A61: 203 | B61: =VLOOKUP(A61,'[2]Flota Mina '!$C$5:$D$105,2,FALSE) -> 4100 | C61: 2019 | D61: =TEXT(E61,"MMMM") -> noviembre | E61: 43799 | F61: 17:24:13 | G61: 00:23:07 | H61: =G61*24 -> 0.38527778 | I61: =E61+F61 -> 43799.725 | J61: =I61+G61 -> 43799.741 | K61: =I61-J60 -> 0.24335648 | L61: =K61*24 -> 5.8405556 | M61: Pane | N61: 509 | O61: Averia | P61: ESPERA RECURSO | Q61: 0 | R61: FUERA POR TRASLADO DE PERFORADORA BHD010 | S61: S OT | T61: =VLOOKUP(Q61,[2]CÓDIGOS!$A$2:$C$2024,3,) -> SIN INFORMACIÓN | U61: =VLOOKUP(Q61,[2]CÓDIGOS!$A$2:$D$2024,4,) -> SIN INFORMACION | V61: =VLOOKUP(Q61,[2]CÓDIGOS!$A$2:$B$2024,2,) -> SIN INFORMACIÓN
A62: 203 | B62: =VLOOKUP(A62,'[2]Flota Mina '!$C$5:$D$105,2,FALSE) -> 4100 | C62: 2019 | D62: =TEXT(E62,"MMMM") -> diciembre | E62: 43800 | F62: 00:45:55 | G62: 01:08:49 | H62: =G62*24 -> 1.1469444 | I62: =E62+F62 -> 43800.032 | J62: =I62+G62 -> 43800.08 | K62: =I62-J61 -> 0.29068287 | L62: =K62*24 -> 6.9763889 | M62: Pane | N62: 607 | O62: Averia | P62: ESTRUCTURAS | Q62: 122 | R62: SE REPONE PASADOR BALANCIN | S62: A200061740 | T62: =VLOOKUP(Q62,[2]CÓDIGOS!$A$2:$C$2024,3,) -> ESTRUCTURAS | U62: =VLOOKUP(Q62,[2]CÓDIGOS!$A$2:$D$2024,4,) -> Balde | V62: =VLOOKUP(Q62,[2]CÓDIGOS!$A$2:$B$2024,2,) -> BALANCIN BALDE, LEVER LATCH
A63: 203 | B63: =VLOOKUP(A63,'[2]Flota Mina '!$C$5:$D$105,2,FALSE) -> 4100 | C63: 2019 | D63: =TEXT(E63,"MMMM") -> diciembre | E63: 43800 | F63: 06:12:55 | G63: 00:07:16 | H63: =G63*24 -> 0.12111111 | I63: =E63+F63 -> 43800.259 | J63: =I63+G63 -> 43800.264 | K63: =I63-J62 -> 0.17929398 | L63: =K63*24 -> 4.3030556 | M63: Pane | N63: 607 | O63: Averia | P63: ESTRUCTURAS | Q63: 184 | R63: REGULACION PESTILLO DEL BALDE | S63: A200061740 | T63: =VLOOKUP(Q63,[2]CÓDIGOS!$A$2:$C$2024,3,) -> ESTRUCTURAS | U63: =VLOOKUP(Q63,[2]CÓDIGOS!$A$2:$D$2024,4,) -> Balde | V63: =VLOOKUP(Q63,[2]CÓDIGOS!$A$2:$B$2024,2,) -> PESTILLO BALDE (PICAPORTE O BAR LATCH)
A64: 203 | B64: =VLOOKUP(A64,'[2]Flota Mina '!$C$5:$D$105,2,FALSE) -> 4100 | C64: 2019 | D64: =TEXT(E64,"MMMM") -> diciembre | E64: 43800 | F64: 19:31:51 | G64: 0.18921296 | H64: =G64*24 -> 4.5411111 | I64: =E64+F64 -> 43800.814 | J64: 43800.964 | K64: =I64-J63 -> 0.54976852 | L64: =K64*24 -> 13.194444 | M64: Pane | N64: 605 | O64: Averia | P64: SISTEMA LUBRICACION | Q64: 1213 | R64: FALLA LUBRICACION OPEN GEAR - CAMBIO VALVULA SISTEMA LUBRICACION | S64: A200061740 | T64: =VLOOKUP(Q64,[2]CÓDIGOS!$A$2:$C$2024,3,) -> SISTEMA LUBRICACION | U64: =VLOOKUP(Q64,[2]CÓDIGOS!$A$2:$D$2024,4,) -> Valvula lubricacion open gear | V64: =VLOOKUP(Q64,[2]CÓDIGOS!$A$2:$B$2024,2,) -> VALVULAS LUBRICACION ABIERTA
A65: 203 | B65: =VLOOKUP(A65,'[2]Flota Mina '!$C$5:$D$105,2,FALSE) -> 4100 | C65: 2019 | D65: =TEXT(E65,"MMMM") -> diciembre | E65: 43802 | F65: 07:11:23 | G65: 00:53:37 | H65: =G65*24 -> 0.89361111 | I65: =E65+F65 -> 43802.3 | J65: =I65+G65 -> 43802.337 | K65: =I65-J64 -> 1.335463 | L65: =K65*24 -> 32.051111 | M65: Pane | N65: 605 | O65: Averia | P65: SISTEMA LUBRICACION | Q65: 1192 | R65: PRESION BAJO GRASA ENGRANAJE SUPERIOR ABIERTO | S65: A200062394 | T65: =VLOOKUP(Q65,[2]CÓDIGOS!$A$2:$C$2024,3,) -> SISTEMA LUBRICACION | U65: =VLOOKUP(Q65,[2]CÓDIGOS!$A$2:$D$2024,4,) -> bombas lubricacion | V65: =VLOOKUP(Q65,[2]CÓDIGOS!$A$2:$B$2024,2,) -> BOMBAS LUBRICACION ABIERTA
A66: 203 | B66: =VLOOKUP(A66,'[2]Flota Mina '!$C$5:$D$105,2,FALSE) -> 4100 | C66: 2019 | D66: =TEXT(E66,"MMMM") -> diciembre | E66: 43802 | F66: 11:31:10 | G66: 00:31:09 | H66: =G66*24 -> 0.51916667 | I66: =E66+F66 -> 43802.48 | J66: =I66+G66 -> 43802.502 | K66: =I66-J65 -> 0.1431713 | L66: =K66*24 -> 3.4361111 | M66: Pane | N66: 606 | O66: Averia | P66: SISTEMA ELECTRICO | Q66: 859 | R66: FALLA SALA DE MAQUINAS SOPLADORES/CHEQUEO DE CIRCUITO BLOWER SIN PROBLEMAS | S66: A200062176 | T66: =VLOOKUP(Q66,[2]CÓDIGOS!$A$2:$C$2024,3,) -> SISTEMA ELECTRICO | U66: =VLOOKUP(Q66,[2]CÓDIGOS!$A$2:$D$2024,4,) -> Blower | V66: =VLOOKUP(Q66,[2]CÓDIGOS!$A$2:$B$2024,2,) -> BLOWER CONTROL PRINCIPAL
A67: 203 | B67: =VLOOKUP(A67,'[2]Flota Mina '!$C$5:$D$105,2,FALSE) -> 4100 | C67: 2019 | D67: =TEXT(E67,"MMMM") -> diciembre | E67: 43803 | F67: 08:35:00 | G67: 02:02:05 | H67: =G67*24 -> 2.0347222 | I67: =E67+F67 -> 43803.358 | J67: =I67+G67 -> 43803.442 | K67: =I67-J66 -> 0.85603009 | L67: =K67*24 -> 20.544722 | M67: Pane | N67: 605 | O67: Averia | P67: SISTEMA LUBRICACION | Q67: 1192 | R67: PRESION BAJA GRASA ENGRANAJE SUPERIOR ABIERTO | S67: 200062394 | T67: =VLOOKUP(Q67,[2]CÓDIGOS!$A$2:$C$2024,3,) -> SISTEMA LUBRICACION | U67: =VLOOKUP(Q67,[2]CÓDIGOS!$A$2:$D$2024,4,) -> bombas lubricacion | V67: =VLOOKUP(Q67,[2]CÓDIGOS!$A$2:$B$2024,2,) -> BOMBAS LUBRICACION ABIERTA
A68: 203 | B68: =VLOOKUP(A68,'[2]Flota Mina '!$C$5:$D$105,2,FALSE) -> 4100 | C68: 2019 | D68: =TEXT(E68,"MMMM") -> diciembre | E68: 43804 | F68: 15:25:00 | G68: 00:17:15 | H68: =G68*24 -> 0.2875 | I68: =E68+F68 -> 43804.642 | J68: =I68+G68 -> 43804.654 | K68: =I68-J67 -> 1.1999421 | L68: =K68*24 -> 28.798611 | M68: Pane | N68: 606 | O68: Averia | P68: SISTEMA ELECTRICO | Q68: 893 | R68: FALLA EN SOPLADOR SALA DE MAQUINAS | S68: 62783 | T68: =VLOOKUP(Q68,[2]CÓDIGOS!$A$2:$C$2024,3,) -> SISTEMA ELECTRICO | U68: =VLOOKUP(Q68,[2]CÓDIGOS!$A$2:$D$2024,4,) -> Ventilador sala maquina | V68: =VLOOKUP(Q68,[2]CÓDIGOS!$A$2:$B$2024,2,) -> VENTILADOR SALA MAQUINA DERECHO
A69: 203 | B69: =VLOOKUP(A69,'[2]Flota Mina '!$C$5:$D$105,2,FALSE) -> 4100 | C69: 2019 | D69: =TEXT(E69,"MMMM") -> diciembre | E69: 43808 | F69: 15:52:46 | G69: 02:28:57 | H69: =G69*24 -> 2.4825 | I69: =E69+F69 -> 43808.662 | J69: =I69+G69 -> 43808.765 | K69: =I69-J68 -> 4.0073032 | L69: =K69*24 -> 96.175278 | M69: Pane | N69: 607 | O69: Averia | P69: ESTRUCTURAS | Q69: 160 | R69: CAMBIO DE 7 PUNTAS Y 1 WEAR CAP | S69: 63403 | T69: =VLOOKUP(Q69,[2]CÓDIGOS!$A$2:$C$2024,3,) -> ESTRUCTURAS | U69: =VLOOKUP(Q69,[2]CÓDIGOS!$A$2:$D$2024,4,) -> Elemento Desgaste | V69: =VLOOKUP(Q69,[2]CÓDIGOS!$A$2:$B$2024,2,) -> ELEMENTOS DESGASTE
A70: 203 | B70: =VLOOKUP(A70,'[2]Flota Mina '!$C$5:$D$105,2,FALSE) -> 4100 | C70: 2019 | D70: =TEXT(E70,"MMMM") -> diciembre | E70: 43813 | F70: 06:49:08 | G70: 01:00:48 | H70: =G70*24 -> 1.0133333 | I70: =E70+F70 -> 43813.284 | J70: =I70+G70 -> 43813.326 | K70: =I70-J69 -> 4.5190394 | L70: =K70*24 -> 108.45694 | M70: Pane | N70: 601 | O70: Averia | P70: SISTEMA PROPULSION (TRASLADO) | Q70: 1261 | R70: TEMPERATURA MOTOR PROPEL DERECHO | T70: =VLOOKUP(Q70,[2]CÓDIGOS!$A$2:$C$2024,3,) -> SISTEMA PROPULSION (TRASLADO) | U70: =VLOOKUP(Q70,[2]CÓDIGOS!$A$2:$D$2024,4,) -> Acoplamiento propel | V70: =VLOOKUP(Q70,[2]CÓDIGOS!$A$2:$B$2024,2,) -> ACOPLAMIENTO PROPEL IZQUIERDO
A71: 203 | B71: =VLOOKUP(A71,'[2]Flota Mina '!$C$5:$D$105,2,FALSE) -> 4100 | C71: 2019 | D71: =TEXT(E71,"MMMM") -> diciembre | E71: 43814 | F71: 08:00:00 | G71: 04:06:08 | H71: =G71*24 -> 4.1022222 | I71: =E71+F71 -> 43814.333 | J71: =I71+G71 -> 43814.504 | K71: =I71-J70 -> 1.0069907 | L71: =K71*24 -> 24.167778 | M71: Pane | N71: 601 | O71: Averia | P71: SISTEMA PROPULSION (TRASLADO) | Q71: 1261 | R71: TEMPERATURA MOTOR PROPEL L/D-CHEQUEO TEMPERATURA MOTOR PROPEL+REGULACION FRENO PR | T71: =VLOOKUP(Q71,[2]CÓDIGOS!$A$2:$C$2024,3,) -> SISTEMA PROPULSION (TRASLADO) | U71: =VLOOKUP(Q71,[2]CÓDIGOS!$A$2:$D$2024,4,) -> Acoplamiento propel | V71: =VLOOKUP(Q71,[2]CÓDIGOS!$A$2:$B$2024,2,) -> ACOPLAMIENTO PROPEL IZQUIERDO
A72: 203 | B72: =VLOOKUP(A72,'[2]Flota Mina '!$C$5:$D$105,2,FALSE) -> 4100 | C72: 2019 | D72: =TEXT(E72,"MMMM") -> diciembre | E72: 43814 | F72: 15:36:23 | G72: 00:11:19 | H72: =G72*24 -> 0.18861111 | I72: =E72+F72 -> 43814.65 | J72: =I72+G72 -> 43814.658 | K72: =I72-J71 -> 0.14600694 | L72: =K72*24 -> 3.5041667 | M72: Pane | N72: 719 | O72: Averia | P72: CABINA | Q72: 71 | R72: SE NORMALIZA RELE SUELTO SISTEMA AIRE ACONDecIONADO | T72: =VLOOKUP(Q72,[2]CÓDIGOS!$A$2:$C$2024,3,) -> CABINA | U72: =VLOOKUP(Q72,[2]CÓDIGOS!$A$2:$D$2024,4,) -> Aire acondicionado | V72: =VLOOKUP(Q72,[2]CÓDIGOS!$A$2:$B$2024,2,) -> SISTEMA DE AIRE ACONDICIONADO
A73: 203 | B73: =VLOOKUP(A73,'[2]Flota Mina '!$C$5:$D$105,2,FALSE) -> 4100 | C73: 2019 | D73: =TEXT(E73,"MMMM") -> diciembre | E73: 43815 | F73: 09:06:10 | G73: 02:44:09 | H73: =G73*24 -> 2.7358333 | I73: =E73+F73 -> 43815.379 | J73: =I73+G73 -> 43815.493 | K73: =I73-J72 -> 0.72115741 | L73: =K73*24 -> 17.307778 | M73: Pane | N73: 607 | O73: Averia | P73: ESTRUCTURAS | Q73: 223 | R73: SE CAMBIA PASADOR CORTADO ORUGA DERECHA | S73: A200064825 | T73: =VLOOKUP(Q73,[2]CÓDIGOS!$A$2:$C$2024,3,) -> ESTRUCTURAS | U73: =VLOOKUP(Q73,[2]CÓDIGOS!$A$2:$D$2024,4,) -> Rodado | V73: =VLOOKUP(Q73,[2]CÓDIGOS!$A$2:$B$2024,2,) -> ZAPATAS DERECHA
A74: 203 | B74: =VLOOKUP(A74,'[2]Flota Mina '!$C$5:$D$105,2,FALSE) -> 4100 | C74: 2019 | D74: =TEXT(E74,"MMMM") -> diciembre | E74: 43815 | F74: 21:59:17 | G74: 00:36:03 | H74: =G74*24 -> 0.60083333 | I74: =E74+F74 -> 43815.916 | J74: =I74+G74 -> 43815.941 | K74: =I74-J73 -> 0.42289352 | L74: =K74*24 -> 10.149444 | M74: Pane | N74: 719 | O74: Averia | P74: CABINA | Q74: 71 | R74: CAMBIO DE TARJETA DE BLOWER DE AIRE ACONDecIONADO | S74: A200064948 | T74: =VLOOKUP(Q74,[2]CÓDIGOS!$A$2:$C$2024,3,) -> CABINA | U74: =VLOOKUP(Q74,[2]CÓDIGOS!$A$2:$D$2024,4,) -> Aire acondicionado | V74: =VLOOKUP(Q74,[2]CÓDIGOS!$A$2:$B$2024,2,) -> SISTEMA DE AIRE ACONDICIONADO
A75: 203 | B75: =VLOOKUP(A75,'[2]Flota Mina '!$C$5:$D$105,2,FALSE) -> 4100 | C75: 2019 | D75: =TEXT(E75,"MMMM") -> diciembre | E75: 43816 | F75: 09:38:16 | G75: 02:59:26 | H75: =G75*24 -> 2.9905556 | I75: =E75+F75 -> 43816.402 | J75: =I75+G75 -> 43816.526 | K75: =I75-J74 -> 0.46037037 | L75: =K75*24 -> 11.048889 | M75: Pane | N75: 509 | O75: Averia | P75: ESPERA RECURSO | Q75: 0 | R75: HLT038 FUERA DE SERVICIO EN FRENTE DE CARGUIO DE PALA | T75: =VLOOKUP(Q75,[2]CÓDIGOS!$A$2:$C$2024,3,) -> SIN INFORMACIÓN | U75: =VLOOKUP(Q75,[2]CÓDIGOS!$A$2:$D$2024,4,) -> SIN INFORMACION | V75: =VLOOKUP(Q75,[2]CÓDIGOS!$A$2:$B$2024,2,) -> SIN INFORMACIÓN
A76: 203 | B76: =VLOOKUP(A76,'[2]Flota Mina '!$C$5:$D$105,2,FALSE) -> 4100 | C76: 2019 | D76: =TEXT(E76,"MMMM") -> diciembre | E76: 43817 | F76: 03:30:00 | G76: 04:30:00 | H76: =G76*24 -> 4.5 | I76: =E76+F76 -> 43817.146 | J76: =I76+G76 -> 43817.333 | K76: =I76-J75 -> 0.61965278 | L76: =K76*24 -> 14.871667 | M76: Pane | N76: 606 | O76: Averia | P76: SISTEMA ELECTRICO | Q76: 0 | R76: DESCONEXION Y RETIRO DE COUPLING-FRENO-BLOWER-MOTOR PROPEL | T76: =VLOOKUP(Q76,[2]CÓDIGOS!$A$2:$C$2024,3,) -> SIN INFORMACIÓN | U76: =VLOOKUP(Q76,[2]CÓDIGOS!$A$2:$D$2024,4,) -> SIN INFORMACION | V76: =VLOOKUP(Q76,[2]CÓDIGOS!$A$2:$B$2024,2,) -> SIN INFORMACIÓN
A77: 203 | B77: =VLOOKUP(A77,'[2]Flota Mina '!$C$5:$D$105,2,FALSE) -> 4100 | C77: 2019 | D77: =TEXT(E77,"MMMM") -> diciembre | E77: 43817 | F77: 10:12:42 | G77: 05:17:18 | H77: =G77*24 -> 5.2883333 | I77: =E77+F77 -> 43817.425 | J77: =I77+G77 -> 43817.646 | K77: =I77-J76 -> 0.092152778 | L77: =K77*24 -> 2.2116667 | M77: Pane | N77: 606 | O77: Averia | P77: SISTEMA ELECTRICO | Q77: 1269 | R77: FALLA A TIERRA MOTOR PROPEL LADO IZQUIERDO | S77: 65430 | T77: =VLOOKUP(Q77,[2]CÓDIGOS!$A$2:$C$2024,3,) -> SISTEMA PROPULSION (TRASLADO) | U77: =VLOOKUP(Q77,[2]CÓDIGOS!$A$2:$D$2024,4,) -> Motor propel | V77: =VLOOKUP(Q77,[2]CÓDIGOS!$A$2:$B$2024,2,) -> MOTOR PROPEL IZQUIERDO
A78: 203 | B78: =VLOOKUP(A78,'[2]Flota Mina '!$C$5:$D$105,2,FALSE) -> 4100 | C78: 2019 | D78: =TEXT(E78,"MMMM") -> diciembre | E78: 43818 | F78: 08:00:00 | G78: 1.5482176 | H78: =G78*24 -> 37.157222 | I78: =E78+F78 -> 43818.333 | J78: 43819.882 | K78: =I78-J77 -> 0.6875 | L78: =K78*24 -> 16.5 | M78: Pane | N78: 606 | O78: Averia | P78: SISTEMA ELECTRICO | Q78: 0 | R78: DESCONEXION Y RETIRO DE COUPLING-FRENO-BLOWER-MOTOR PROPEL | T78: =VLOOKUP(Q78,[2]CÓDIGOS!$A$2:$C$2024,3,) -> SIN INFORMACIÓN | U78: =VLOOKUP(Q78,[2]CÓDIGOS!$A$2:$D$2024,4,) -> SIN INFORMACION | V78: =VLOOKUP(Q78,[2]CÓDIGOS!$A$2:$B$2024,2,) -> SIN INFORMACIÓN
A79: 203 | B79: =VLOOKUP(A79,'[2]Flota Mina '!$C$5:$D$105,2,FALSE) -> 4100 | C79: 2019 | D79: =TEXT(E79,"MMMM") -> diciembre | E79: 43819 | F79: 23:57:00 | G79: 00:03:22 | H79: =G79*24 -> 0.056111111 | I79: =E79+F79 -> 43819.998 | J79: =I79+G79 -> 43820 | K79: =I79-J78 -> 0.11636574 | L79: =K79*24 -> 2.7927778 | M79: Pane | N79: 719 | O79: Averia | P79: CABINA | Q79: 71 | R79: SIN AIRE ACONDecIONADO-RECUPERA CONDecION SIN INTERVENCION DE TECNICOS | T79: =VLOOKUP(Q79,[2]CÓDIGOS!$A$2:$C$2024,3,) -> CABINA | U79: =VLOOKUP(Q79,[2]CÓDIGOS!$A$2:$D$2024,4,) -> Aire acondicionado | V79: =VLOOKUP(Q79,[2]CÓDIGOS!$A$2:$B$2024,2,) -> SISTEMA DE AIRE ACONDICIONADO
A80: 203 | B80: =VLOOKUP(A80,'[2]Flota Mina '!$C$5:$D$105,2,FALSE) -> 4100 | C80: 2019 | D80: =TEXT(E80,"MMMM") -> diciembre | E80: 43821 | F80: 12:18:18 | G80: 00:25:19 | H80: =G80*24 -> 0.42194444 | I80: =E80+F80 -> 43821.513 | J80: =I80+G80 -> 43821.53 | K80: =I80-J79 -> 1.5124537 | L80: =K80*24 -> 36.298889 | M80: Pane | N80: 606 | O80: Averia | P80: SISTEMA ELECTRICO | Q80: 898 | R80: FALLA BREAKER CONTROL-NORMALIZA RESISTENCIA TARJETAS ENTRADAS DIGITAL AC800 | S80: 66219 | T80: =VLOOKUP(Q80,[2]CÓDIGOS!$A$2:$C$2024,3,) -> SISTEMA ELECTRICO | U80: =VLOOKUP(Q80,[2]CÓDIGOS!$A$2:$D$2024,4,) -> Braker | V80: =VLOOKUP(Q80,[2]CÓDIGOS!$A$2:$B$2024,2,) -> BREAKER CONTROL
A81: 203 | B81: =VLOOKUP(A81,'[2]Flota Mina '!$C$5:$D$105,2,FALSE) -> 4100 | C81: 2019 | D81: =TEXT(E81,"MMMM") -> diciembre | E81: 43822 | F81: 13:15:41 | G81: 00:36:51 | H81: =G81*24 -> 0.61416667 | I81: =E81+F81 -> 43822.553 | J81: =I81+G81 -> 43822.578 | K81: =I81-J80 -> 1.0222685 | L81: =K81*24 -> 24.534444 | M81: Pane | N81: 606 | O81: Averia | P81: SISTEMA ELECTRICO | Q81: 894 | R81: FALLA VENTILADOR SALA MAQUINA IZQUIERDO-MANTEN FIBRA OPTICA DRIVER DE BLOWER | S81: 66531 | T81: =VLOOKUP(Q81,[2]CÓDIGOS!$A$2:$C$2024,3,) -> SISTEMA ELECTRICO | U81: =VLOOKUP(Q81,[2]CÓDIGOS!$A$2:$D$2024,4,) -> Ventilador sala maquina | V81: =VLOOKUP(Q81,[2]CÓDIGOS!$A$2:$B$2024,2,) -> VENTILADOR SALA MAQUINA IZQUIERDO
A82: 203 | B82: =VLOOKUP(A82,'[2]Flota Mina '!$C$5:$D$105,2,FALSE) -> 4100 | C82: 2019 | D82: =TEXT(E82,"MMMM") -> diciembre | E82: 43822 | F82: 19:26:42 | G82: 0.039768519 | H82: =G82*24 -> 0.95444444 | I82: =E82+F82 -> 43822.81 | J82: =I82+G82 -> 43822.85 | K82: =I82-J81 -> 0.23206019 | L82: =K82*24 -> 5.5694444 | M82: Pane | N82: 606 | O82: Averia | P82: SISTEMA ELECTRICO | Q82: 0 | R82: TEMPERATURA DIFERENCIA MOTOR 1 | S82: 66558 | T82: =VLOOKUP(Q82,[2]CÓDIGOS!$A$2:$C$2024,3,) -> SIN INFORMACIÓN | U82: =VLOOKUP(Q82,[2]CÓDIGOS!$A$2:$D$2024,4,) -> SIN INFORMACION | V82: =VLOOKUP(Q82,[2]CÓDIGOS!$A$2:$B$2024,2,) -> SIN INFORMACIÓN
A83: 203 | B83: =VLOOKUP(A83,'[2]Flota Mina '!$C$5:$D$105,2,FALSE) -> 4100 | C83: 2019 | D83: =TEXT(E83,"MMMM") -> diciembre | E83: 43823 | F83: 01:52:03 | G83: 00:54:36 | H83: =G83*24 -> 0.91 | I83: =E83+F83 -> 43823.078 | J83: =I83+G83 -> 43823.116 | K83: =I83-J82 -> 0.22783565 | L83: =K83*24 -> 5.4680556 | M83: Pane | N83: 606 | O83: Averia | P83: SISTEMA ELECTRICO | Q83: 0 | R83: FALLA INTERRUPTOR UPS ABIERTO | S83: 66759 | T83: =VLOOKUP(Q83,[2]CÓDIGOS!$A$2:$C$2024,3,) -> SIN INFORMACIÓN | U83: =VLOOKUP(Q83,[2]CÓDIGOS!$A$2:$D$2024,4,) -> SIN INFORMACION | V83: =VLOOKUP(Q83,[2]CÓDIGOS!$A$2:$B$2024,2,) -> SIN INFORMACIÓN
A84: 203 | B84: =VLOOKUP(A84,'[2]Flota Mina '!$C$5:$D$105,2,FALSE) -> 4100 | C84: 2019 | D84: =TEXT(E84,"MMMM") -> diciembre | E84: 43823 | F84: 20:40:34 | G84: 00:38:31 | H84: =G84*24 -> 0.64194444 | I84: =E84+F84 -> 43823.862 | J84: =I84+G84 -> 43823.888 | K84: =I84-J83 -> 0.74577546 | L84: =K84*24 -> 17.898611 | M84: Pane | N84: 602 | O84: Averia | P84: SISTEMA HOIST (LEVANTE) | Q84: 1154 | R84: CABLES DE LEVANTE FUERA DE POSICION-SE NORMALIZA CONDecION | S84: 66741 | T84: =VLOOKUP(Q84,[2]CÓDIGOS!$A$2:$C$2024,3,) -> SISTEMA HOIST (LEVANTE) | U84: =VLOOKUP(Q84,[2]CÓDIGOS!$A$2:$D$2024,4,) -> Cables levante | V84: =VLOOKUP(Q84,[2]CÓDIGOS!$A$2:$B$2024,2,) -> CABLES LEVANTE
A85: 203 | B85: =VLOOKUP(A85,'[2]Flota Mina '!$C$5:$D$105,2,FALSE) -> 4100 | C85: 2019 | D85: =TEXT(E85,"MMMM") -> diciembre | E85: 43824 | F85: 0.75983796 | G85: 0.01369213 | H85: =G85*24 -> 0.32861111 | I85: =E85+F85 -> 43824.76 | J85: =I85+G85 -> 43824.774 | K85: =I85-J84 -> 0.87158565 | L85: =K85*24 -> 20.918056 | M85: Pane | N85: 719 | O85: Averia | P85: CABINA | Q85: 71 | R85: SE INSTALA TARJETA BLOWER DE AIRE ACONDecONADO | S85: A200066823 | T85: =VLOOKUP(Q85,[2]CÓDIGOS!$A$2:$C$2024,3,) -> CABINA | U85: =VLOOKUP(Q85,[2]CÓDIGOS!$A$2:$D$2024,4,) -> Aire acondicionado | V85: =VLOOKUP(Q85,[2]CÓDIGOS!$A$2:$B$2024,2,) -> SISTEMA DE AIRE ACONDICIONADO
A86: 203 | B86: =VLOOKUP(A86,'[2]Flota Mina '!$C$5:$D$105,2,FALSE) -> 4100 | C86: 2019 | D86: =TEXT(E86,"MMMM") -> diciembre | E86: 43825 | F86: 0.27047454 | G86: 0.062858796 | H86: =G86*24 -> 1.5086111 | I86: =E86+F86 -> 43825.27 | J86: =I86+G86 -> 43825.333 | K86: =I86-J85 -> 0.49694444 | L86: =K86*24 -> 11.926667 | M86: Pane | N86: 607 | O86: Averia | P86: ESTRUCTURAS | Q86: 184 | R86: A200067188 | T86: =VLOOKUP(Q86,[2]CÓDIGOS!$A$2:$C$2024,3,) -> ESTRUCTURAS | U86: =VLOOKUP(Q86,[2]CÓDIGOS!$A$2:$D$2024,4,) -> Balde | V86: =VLOOKUP(Q86,[2]CÓDIGOS!$A$2:$B$2024,2,) -> PESTILLO BALDE (PICAPORTE O BAR LATCH)
A87: 203 | B87: =VLOOKUP(A87,'[2]Flota Mina '!$C$5:$D$105,2,FALSE) -> 4100 | C87: 2019 | D87: =TEXT(E87,"MMMM") -> diciembre | E87: 43825 | F87: 0.72042824 | G87: 0.019826389 | H87: =G87*24 -> 0.47583333 | I87: =E87+F87 -> 43825.72 | J87: =I87+G87 -> 43825.74 | K87: =I87-J86 -> 0.38709491 | L87: =K87*24 -> 9.2902778 | M87: Pane | N87: 509 | O87: Averia | P87: ESPERA RECURSO | Q87: 509 | R87: CAMION 24 EN POSTURA PALA 3 | S87: S/OT | T87: =VLOOKUP(Q87,[2]CÓDIGOS!$A$2:$C$2024,3,) -> MOTOR DIESEL | U87: =VLOOKUP(Q87,[2]CÓDIGOS!$A$2:$D$2024,4,) -> SISTEMA ENFRIAMIENTO | V87: =VLOOKUP(Q87,[2]CÓDIGOS!$A$2:$B$2024,2,) -> DUCTOS DE REFRIGERACIÓN
A88: 203 | B88: =VLOOKUP(A88,'[2]Flota Mina '!$C$5:$D$105,2,FALSE) -> 4100 | C88: 2019 | D88: =TEXT(E88,"MMMM") -> diciembre | E88: 43826 | F88: 0.33333333 | G88: 0.17060185 | H88: =G88*24 -> 4.0944444 | I88: =E88+F88 -> 43826.333 | J88: =I88+G88 -> 43826.504 | K88: =I88-J87 -> 0.5930787 | L88: =K88*24 -> 14.233889 | M88: Pane | N88: 607 | O88: Averia | P88: ESTRUCTURAS | Q88: 184 | R88: SE REPONE PASADOR DEL PESTILLO BALDE+SE REPONE BLOWER PROPEL | S88: A200067188 | T88: =VLOOKUP(Q88,[2]CÓDIGOS!$A$2:$C$2024,3,) -> ESTRUCTURAS | U88: =VLOOKUP(Q88,[2]CÓDIGOS!$A$2:$D$2024,4,) -> Balde | V88: =VLOOKUP(Q88,[2]CÓDIGOS!$A$2:$B$2024,2,) -> PESTILLO BALDE (PICAPORTE O BAR LATCH)
A89: 203 | B89: =VLOOKUP(A89,'[2]Flota Mina '!$C$5:$D$105,2,FALSE) -> 4100 | C89: 2019 | D89: =TEXT(E89,"MMMM") -> diciembre | E89: 43827 | F89: 0.46200231 | G89: 0.083449074 | H89: =G89*24 -> 2.0027778 | I89: =E89+F89 -> 43827.462 | J89: =I89+G89 -> 43827.545 | K89: =I89-J88 -> 0.95806713 | L89: =K89*24 -> 22.993611 | M89: Pane | N89: 607 | O89: Averia | P89: ESTRUCTURAS | Q89: 123 | R89: SE CAMBIAN PUNTAS+CHEQUEO DE PESTILLO DE BALDE +PRUEBAS | S89: A200067432 | T89: =VLOOKUP(Q89,[2]CÓDIGOS!$A$2:$C$2024,3,) -> ESTRUCTURAS | U89: =VLOOKUP(Q89,[2]CÓDIGOS!$A$2:$D$2024,4,) -> Balde | V89: =VLOOKUP(Q89,[2]CÓDIGOS!$A$2:$B$2024,2,) -> BALDE
A90: 203 | B90: =VLOOKUP(A90,'[2]Flota Mina '!$C$5:$D$105,2,FALSE) -> 4100 | C90: 2019 | D90: =TEXT(E90,"MMMM") -> diciembre | E90: 43827 | F90: 0.91606481 | G90: 0.033680556 | H90: =G90*24 -> 0.80833333 | I90: =E90+F90 -> 43827.916 | J90: =I90+G90 -> 43827.95 | K90: =I90-J89 -> 0.37061343 | L90: =K90*24 -> 8.8947222 | M90: Pane | N90: 606 | O90: Averia | P90: SISTEMA ELECTRICO | Q90: 898 | R90: PERDIDA ALIMENTACION UPS CONTROL-REAPRETE BASE UPS Y CONEXIONADO CABLE | S90: A200067481 | T90: =VLOOKUP(Q90,[2]CÓDIGOS!$A$2:$C$2024,3,) -> SISTEMA ELECTRICO | U90: =VLOOKUP(Q90,[2]CÓDIGOS!$A$2:$D$2024,4,) -> Braker | V90: =VLOOKUP(Q90,[2]CÓDIGOS!$A$2:$B$2024,2,) -> BREAKER CONTROL
A91: 203 | B91: =VLOOKUP(A91,'[2]Flota Mina '!$C$5:$D$105,2,FALSE) -> 4100 | C91: 2019 | D91: =TEXT(E91,"MMMM") -> diciembre | E91: 43828 | F91: 0.022685185 | G91: 0.014270833 | H91: =G91*24 -> 0.3425 | I91: =E91+F91 -> 43828.023 | J91: =I91+G91 -> 43828.037 | K91: =I91-J90 -> 0.072939815 | L91: =K91*24 -> 1.7505556 | M91: Pane | N91: 607 | O91: Averia | P91: ESTRUCTURAS | Q91: 223 | R91: MITAD DE PASADOR QUEDA EN ORUGA DERECHA- DEBE PROGRAMARSE CAMBIO | S91: S/A | T91: =VLOOKUP(Q91,[2]CÓDIGOS!$A$2:$C$2024,3,) -> ESTRUCTURAS | U91: =VLOOKUP(Q91,[2]CÓDIGOS!$A$2:$D$2024,4,) -> Rodado | V91: =VLOOKUP(Q91,[2]CÓDIGOS!$A$2:$B$2024,2,) -> ZAPATAS DERECHA
A92: 203 | B92: =VLOOKUP(A92,'[2]Flota Mina '!$C$5:$D$105,2,FALSE) -> 4100 | C92: 2019 | D92: =TEXT(E92,"MMMM") -> diciembre | E92: 43828 | F92: 0.39185185 | G92: 0.029097222 | H92: =G92*24 -> 0.69833333 | I92: =E92+F92 -> 43828.392 | J92: =I92+G92 -> 43828.421 | K92: =I92-J91 -> 0.35489583 | L92: =K92*24 -> 8.5175 | M92: Pane | N92: 607 | O92: Averia | P92: ESTRUCTURAS | Q92: 123 | R92: SACAR LAINA BALDE +CAMBIO DE FILTRO-SE CAMBIAN FILTRO Y REP DE PESTILLO DE BALDE | S92: A | T92: =VLOOKUP(Q92,[2]CÓDIGOS!$A$2:$C$2024,3,) -> ESTRUCTURAS | U92: =VLOOKUP(Q92,[2]CÓDIGOS!$A$2:$D$2024,4,) -> Balde | V92: =VLOOKUP(Q92,[2]CÓDIGOS!$A$2:$B$2024,2,) -> BALDE
A93: 203 | B93: =VLOOKUP(A93,'[2]Flota Mina '!$C$5:$D$105,2,FALSE) -> 4100 | C93: 2019 | D93: =TEXT(E93,"MMMM") -> diciembre | E93: 43830 | F93: 10:24:00 | G93: 00:38:46 | H93: =G93*24 -> 0.64611111 | I93: =E93+F93 -> 43830.433 | J93: =I93+G93 -> 43830.46 | K93: =I93-J92 -> 2.0123843 | L93: =K93*24 -> 48.297222 | M93: Pane | N93: 607 | O93: Averia | P93: ESTRUCTURAS | Q93: 129 | R93: 2 PASADORES CORTADO ORUGA | S93: A200067885 | T93: =VLOOKUP(Q93,[2]CÓDIGOS!$A$2:$C$2024,3,) -> ESTRUCTURAS | U93: =VLOOKUP(Q93,[2]CÓDIGOS!$A$2:$D$2024,4,) -> Bastidor | V93: =VLOOKUP(Q93,[2]CÓDIGOS!$A$2:$B$2024,2,) -> BASTIDOR (SIDE FRAME) DERECHO

Sheet Nelson Aalen
A2: BASE DATOS PALA 203 p&h 4100XPC AC, OCT-NOV-DIC 2019
A4: N de Fallas | B4: Tiempo entre Fallas (Hrs) | C4: Tiempo Calendario (Hrs)
A5: 1 | B5: 33.728611 | C5: =B5 -> 33.728611 | N5: Test de Tendencia de Laplace
A6: 2 | B6: 41.802222 | C6: =B6+C5 -> 75.530833
A7: 3 | B7: 69.328889 | C7: =B7+C6 -> 144.85972 | N7: Suma ti = | O7: =SUM(C5:C95) -> 96975.201
A8: 4 | B8: 30.292222 | C8: =B8+C7 -> 175.15194 | N8: n = | O8: 91
A9: 5 | B9: 51.340556 | C9: =B9+C8 -> 226.4925 | N9: to = | O9: =C95 -> 1960.0897
A10: 6 | B10: 7.3997222 | C10: =B10+C9 -> 233.89222
A11: 7 | B11: 84.477222 | C11: =B11+C10 -> 318.36944 | N11: U = | O11: =(O7/O8-O9/2)/(O9*SQRT(1/(12*O8))) -> 1.4434235
A12: 8 | B12: 31.6075 | C12: =B12+C11 -> 349.97694
A13: 9 | B13: 52.954167 | C13: =B13+C12 -> 402.93111 | M13: 1.- | N13: Nivel de significancia:
A14: 10 | B14: 8.2563889 | C14: =B14+C13 -> 411.1875 | N14: α = | O14: 0.5
A15: 11 | B15: 7.2477778 | C15: =B15+C14 -> 418.43528 | N15: => -0,674 < U < 0,674
A16: 12 | B16: 0.16111111 | C16: =B16+C15 -> 418.59639
A17: 13 | B17: 6.8577778 | C17: =B17+C16 -> 425.45417 | N17: Sistema triste, dregradación de la confiabilidad.
A18: 14 | B18: 5.19 | C18: =B18+C17 -> 430.64417
A19: 15 | B19: 6.8233333 | C19: =B19+C18 -> 437.4675 | M19: 2.- | N19: Nivel de significancia:
A20: 16 | B20: 0.88722222 | C20: =B20+C19 -> 438.35472 | N20: α = | O20: 0.1
A21: 17 | B21: 1.9233333 | C21: =B21+C20 -> 440.27806 | N21: => -1,645 < U < 1,645
A22: 18 | B22: 1.9927778 | C22: =B22+C21 -> 442.27083
A23: 19 | B23: 9.8925 | C23: =B23+C22 -> 452.16333 | N23: Sistema neutro (iid).
A24: 20 | B24: 1.7955556 | C24: =B24+C23 -> 453.95889
A25: 21 | B25: 9.6563889 | C25: =B25+C24 -> 463.61528
A26: 22 | B26: 24 | C26: =B26+C25 -> 487.61528
A27: 23 | B27: 14.795278 | C27: =B27+C26 -> 502.41056
A28: 24 | B28: 1.7211111 | C28: =B28+C27 -> 504.13167
A29: 25 | B29: 8.3938889 | C29: =B29+C28 -> 512.52556
A30: 26 | B30: 25.402778 | C30: =B30+C29 -> 537.92833
A31: 27 | B31: 6.1652778 | C31: =B31+C30 -> 544.09361
A32: 28 | B32: 0.58166667 | C32: =B32+C31 -> 544.67528
A33: 29 | B33: 72.519167 | C33: =B33+C32 -> 617.19444
A34: 30 | B34: 19.283333 | C34: =B34+C33 -> 636.47778
A35: 31 | B35: 76.417778 | C35: =B35+C34 -> 712.89556
... A95: 91 | B95: 48.297222 | C95: =B95+C94 -> 1960.0897

Sheet Crow Aansa
A2: BASE DATOS PALA 203 p&h 4100XPC AC, OCT-NOV-DIC 2019 | V2: Proyección 1 año después de las 1960,1 hrs: | Z2: Costo MC = | AA2: 3000 | AB2: USD/falla
V3: 17 hrs operacionales al día | Z3: Mantenimiento correctivo
A4: N de Fallas | B4: Tiempo entre Fallas (Hrs) | C4: Tiempo Calendario (Hrs) | D4: Ln(Tq/Xi) | E4: W(t) | O4: Modelo de Crow Aansa | V4: Tiempo Calendario (Hrs) | W4: W(t) | X4: Incremento de falla cada 250 hrs | Y4: Costos | Z4: Acumulado Costo | AA4: Confiabilidad | AB4: Tasa de Falla | AC4: MTBF Inst.
A5: 1 | B5: 33.728611 | C5: =B5 -> 33.728611 | D5: =LN($P$7/C5) -> 4.0623991 | E5: =$P$12*C5^$P$11 -> 0.63353584 | U5: Cada 250 hrs | V5: =P7 -> 1960.0897 | W5: =$P$12*V5^($P$11) -> 91 | AA5: =EXP(-1*$P$12*V5^($P$11)) -> 3.0144088e-40 | AB5: =$P$12*$P$11*V5^($P$11-1) -> 0.056767934 | AC5: =1/AB5 -> 17.615578
A6: 2 | B6: 41.802222 | C6: =B6+C5 -> 75.530833 | D6: =LN($P$7/C6) -> 3.2562046 | E6: =$P$12*C6^$P$11 -> 1.6978038 | O6: Nq = | P6: =H36 -> 91 | V6: =V5+250 -> 2210.0897 | W6: =$P$12*V6^($P$11) -> 105.38728 | X6: =W6-W5 -> 14.387276 | Y6: =X6*$AA$2 -> 43161.829 | Z6: =Y6 -> 43161.829 | AA6: =EXP(-1*$P$12*V6^($P$11)) -> 1.7017172e-46 | AB6: =$P$12*$P$11*V6^($P$11-1) -> 0.05830636 | AC6: =1/AB6 -> 17.150788
A7: 3 | B7: 69.328889 | C7: =B7+C6 -> 144.85972 | D7: =LN($P$7/C7) -> 2.6049797 | E7: =$P$12*C7^$P$11 -> 3.7645214 | O7: Tq = | P7: =H37 -> 1960.0897 | V7: =V6+250 -> 2460.0897 | W7: =$P$12*V7^($P$11) -> 120.14238 | X7: =W7-W6 -> 14.755105 | Y7: =X7*$AA$2 -> 44265.316 | Z7: =Y7+Z6 -> 87427.145 | AA7: =EXP(-1*$P$12*V7^($P$11)) -> 6.6500758e-53 | AB7: =$P$12*$P$11*V7^($P$11-1) -> 0.059714932 | AC7: =1/AB7 -> 16.74623
A8: 4 | B8: 30.292222 | C8: =B8+C7 -> 175.15194 | D8: =LN($P$7/C8) -> 2.4150917 | E8: =$P$12*C8^$P$11 -> 4.7483932 | V8: =V7+250 -> 2710.0897 | W8: =$P$12*V8^($P$11) -> 135.23582 | X8: =W8-W7 -> 15.093441 | Y8: =X8*$AA$2 -> 45280.322 | Z8: =Y8+Z7 -> 132707.47 | AA8: =EXP(-1*$P$12*V8^($P$11)) -> 1.8528002e-59 | AB8: =$P$12*$P$11*V8^($P$11-1) -> 0.06101628 | AC8: =1/AB8 -> 16.389069
A9: 5 | B9: 51.340556 | C9: =B9+C8 -> 226.4925 | D9: =LN($P$7/C9) -> 2.1580337 | E9: =$P$12*C9^$P$11 -> 6.5020917 | O9: Suma Ln(Tq/Xi) = | P9: =SUM(D5:D95) -> 74.422412 | V9: =V8+250 -> 2960.0897 | W9: =$P$12*V9^($P$11) -> 150.64301 | X9: =W9-W8 -> 15.407192 | Y9: =X9*$AA$2 -> 46221.577 | Z9: =Y9+Z8 -> 178929.04 | AA9: =EXP(-1*$P$12*V9^($P$11)) -> 3.7719849e-66 | AB9: =$P$12*$P$11*V9^($P$11-1) -> 0.062227417 | AC9: =1/AB9 -> 16.070087
A10: 6 | B10: 7.3997222 | C10: =B10+C9 -> 233.89222 | D10: =LN($P$7/C10) -> 2.1258851 | E10: =$P$12*C10^$P$11 -> 6.762777 | N10: 1.- | O10: Parámetros: | V10: =V9+250 -> 3210.0897 | W10: =$P$12*V10^($P$11) -> 166.34312 | X10: =W10-W9 -> 15.700101 | Y10: =X10*$AA$2 -> 47100.303 | Z10: =Y10+Z9 -> 226029.35 | AA10: =EXP(-1*$P$12*V10^($P$11)) -> 5.7293161e-73 | AB10: =$P$12*$P$11*V10^($P$11-1) -> 0.06336148 | AC10: =1/AB10 -> 15.78246
A11: 7 | B11: 84.477222 | C11: =B11+C10 -> 318.36944 | D11: =LN($P$7/C11) -> 1.817533 | E11: =$P$12*C11^$P$11 -> 9.8598512 | O11: Beta = | P11: =P6/P9 -> 1.2227499 | V11: =V10+250 -> 3460.0897 | W11: =$P$12*V11^($P$11) -> 182.3182 | X11: =W11-W10 -> 15.975086 | Y11: =X11*$AA$2 -> 47925.259 | Z11: =Y11+Z10 -> 273954.61 | AA11: =EXP(-1*$P$12*V11^($P$11)) -> 6.6101454e-80 | AB11: =$P$12*$P$11*V11^($P$11-1) -> 0.064428841 | AC11: =1/AB11 -> 15.520999
A12: 8 | B12: 31.6075 | C12: =B12+C11 -> 349.97694 | D12: =LN($P$7/C12) -> 1.7228782 | E12: =$P$12*C12^$P$11 -> 11.069684 | O12: Lamda = | P12: =P6/P7^P11 -> 0.0085784961 | V12: =V11+250 -> 3710.0897 | W12: =$P$12*V12^($P$11) -> 198.55268 | X12: =W12-W11 -> 16.234475 | Y12: =X12*$AA$2 -> 48703.426 | Z12: =Y12+Z11 -> 322658.03 | AA12: =EXP(-1*$P$12*V12^($P$11)) -> 5.8839357e-87 | AB12: =$P$12*$P$11*V12^($P$11-1) -> 0.065437845 | AC12: =1/AB12 -> 15.281677
A13: 9 | B13: 52.954167 | C13: =B13+C12 -> 402.93111 | D13: =LN($P$7/C13) -> 1.5819799 | E13: =$P$12*C13^$P$11 -> 13.150945 | V13: =V12+250 -> 3960.0897 | W13: =$P$12*V13^($P$11) -> 215.03283 | X13: =W13-W12 -> 16.480155 | Y13: =X13*$AA$2 -> 49440.466 | Z13: =Y13+Z12 -> 372098.5 | AA13: =EXP(-1*$P$12*V13^($P$11)) -> 4.0966365e-94 | AB13: =$P$12*$P$11*V13^($P$11-1) -> 0.06639531 | AC13: =1/AB13 -> 15.061305
A14: 10 | B14: 8.2563889 | C14: =B14+C13 -> 411.1875 | D14: =LN($P$7/C14) -> 1.5616962 | E14: =$P$12*C14^$P$11 -> 13.481192 | N14: 2.- | O14: N° esperado de fallas: | V14: =V13+250 -> 4210.0897 | W14: =$P$12*V14^($P$11) -> 231.74651 | X14: =W14-W13 -> 16.713678 | Y14: =X14*$AA$2 -> 50141.034 | Z14: =Y14+Z13 -> 422239.53 | AA14: =EXP(-1*$P$12*V14^($P$11)) -> 2.2582356e-101 | AB14: =$P$12*$P$11*V14^($P$11-1) -> 0.067306887 | AC14: =1/AB14 -> 14.857321
A15: 11 | B15: 7.2477778 | C15: =B15+C14 -> 418.43528 | D15: =LN($P$7/C15) -> 1.5442233 | E15: =$P$12*C15^$P$11 -> 13.772317 | V15: =V14+250 -> 4460.0897 | W15: =$P$12*V15^($P$11) -> 248.68285 | X15: =W15-W14 -> 16.936338 | Y15: =X15*$AA$2 -> 50809.014 | Z15: =Y15+Z14 -> 473048.55 | AA15: =EXP(-1*$P$12*V15^($P$11)) -> 9.9634796e-109 | AB15: =$P$12*$P$11*V15^($P$11-1) -> 0.068177314 | AC15: =1/AB15 -> 14.667636
A16: 12 | B16: 0.16111111 | C16: =B16+C15 -> 418.59639 | D16: =LN($P$7/C16) -> 1.5438383 | E16: =$P$12*C16^$P$11 -> 13.778801 | V16: =V15+250 -> 4710.0897 | W16: =$P$12*V16^($P$11) -> 265.83207 | X16: =W16-W15 -> 17.149226 | Y16: =X16*$AA$2 -> 51447.678 | Z16: =Y16+Z15 -> 524496.22 | AA16: =EXP(-1*$P$12*V16^($P$11)) -> 3.5530127e-116 | AB16: =$P$12*$P$11*V16^($P$11-1) -> 0.069010608 | AC16: =1/AB16 -> 14.490526
A17: 13 | B17: 6.8577778 | C17: =B17+C16 -> 425.45417 | D17: =LN($P$7/C17) -> 1.5275883 | E17: =$P$12*C17^$P$11 -> 14.05532 | V17: =V16+250 -> 4960.0897 | W17: =$P$12*V17^($P$11) -> 283.18535 | X17: =W17-W16 -> 17.353271 | Y17: =X17*$AA$2 -> 52059.812 | Z17: =Y17+Z16 -> 576556.04 | AA17: =EXP(-1*$P$12*V17^($P$11)) -> 1.0331586e-123 | AB17: =$P$12*$P$11*V17^($P$11-1) -> 0.069810202 | AC17: =1/AB17 -> 14.324554
A18: 14 | B18: 5.19 | C18: =B18+C17 -> 430.64417 | D18: =LN($P$7/C18) -> 1.5154634 | E18: =$P$12*C18^$P$11 -> 14.265253 | N18: 3.- | O18: Predicción siguiente fallo futuro: | V18: =V17+250 -> 5210.0897 | W18: =$P$12*V18^($P$11) -> 300.73462 | X18: =W18-W17 -> 17.54927 | Y18: =X18*$AA$2 -> 52647.81 | Z18: =Y18+Z17 -> 629203.85 | AA18: =EXP(-1*$P$12*V18^($P$11)) -> 2.4695392e-131 | AB18: =$P$12*$P$11*V18^($P$11-1) -> 0.07057906 | AC18: =1/AB18 -> 14.168508
A19: 15 | B19: 6.8233333 | C19: =B19+C18 -> 437.4675 | D19: =LN($P$7/C19) -> 1.4997431 | E19: =$P$12*C19^$P$11 -> 14.542112 | O19: Ultima falla N = | P19: 91 | V19: =V18+250 -> 5460.0897 | W19: =$P$12*V19^($P$11) -> 318.47253 | X19: =W19-W18 -> 17.737914 | Y19: =X19*$AA$2 -> 53213.742 | Z19: =Y19+Z18 -> 682417.59 | AA19: =EXP(-1*$P$12*V19^($P$11)) -> 4.8880732e-139 | AB19: =$P$12*$P$11*V19^($P$11-1) -> 0.071319756 | AC19: =1/AB19 -> 14.02136
A20: 16 | B20: 0.88722222 | C20: =B20+C19 -> 438.35472 | D20: =LN($P$7/C20) -> 1.4977171 | E20: =$P$12*C20^$P$11 -> 14.578182 | O20: T92 = | P20: =(92/P12)^(1/P11) -> 1977.6877 | V20: =V19+250 -> 5710.0897 | W20: =$P$12*V20^($P$11) -> 336.39234 | X20: =W20-W19 -> 17.919806 | Y20: =X20*$AA$2 -> 53759.417 | Z20: =Y20+Z19 -> 736177.01 | AA20: =EXP(-1*$P$12*V20^($P$11)) -> 8.0661256e-147 | AB20: =$P$12*$P$11*V20^($P$11-1) -> 0.072034544 | AC20: =1/AB20 -> 13.882229
A21: 17 | B21: 1.9233333 | C21: =B21+C20 -> 440.27806 | D21: =LN($P$7/C21) -> 1.4933391 | E21: =$P$12*C21^$P$11 -> 14.656432 | O21: Delta t ultima falla | P21: =P20-P7 -> 17.598022 | V21: =V20+250 -> 5960.0897 | W21: =$P$12*V21^($P$11) -> 354.48781 | X21: =W21-W20 -> 18.095473 | Y21: =X21*$AA$2 -> 54286.419 | Z21: =Y21+Z20 -> 790463.43 | AA21: =EXP(-1*$P$12*V21^($P$11)) -> 1.1166083e-154 | AB21: =$P$12*$P$11*V21^($P$11-1) -> 0.072725407 | AC21: =1/AB21 -> 13.750353
A22: 18 | B22: 1.9927778 | C22: =B22+C21 -> 442.27083 | D22: =LN($P$7/C22) -> 1.4888231 | E22: =$P$12*C22^$P$11 -> 14.737587 | V22: =V21+250 -> 6210.0897 | W22: =$P$12*V22^($P$11) -> 372.75319 | X22: =W22-W21 -> 18.265383 | Y22: =X22*$AA$2 -> 54796.15 | Z22: =Y22+Z21 -> 845259.58 | AA22: =EXP(-1*$P$12*V22^($P$11)) -> 1.3042046e-162 | AB22: =$P$12*$P$11*V22^($P$11-1) -> 0.0733941 | AC22: =1/AB22 -> 13.625073
A23: 19 | B23: 9.8925 | C23: =B23+C22 -> 452.16333 | D23: =LN($P$7/C23) -> 1.4667021 | E23: =$P$12*C23^$P$11 -> 15.141656
A24: 20 | B24: 1.7955556 | C24: =B24+C23 -> 453.95889 | D24: =LN($P$7/C24) -> 1.4627389 | E24: =$P$12*C24^$P$11 -> 15.21521 | N24: 4.- | O24: Confiabilidad:
A25: 21 | B25: 9.6563889 | C25: =B25+C24 -> 463.61528 | D25: =LN($P$7/C25) -> 1.4416905 | E25: =$P$12*C25^$P$11 -> 15.611886
A26: 22 | B26: 24 | C26: =B26+C25 -> 487.61528 | D26: =LN($P$7/C26) -> 1.3912188 | E26: =$P$12*C26^$P$11 -> 16.605713 | V26: T | W26: Confiabilidad | X26: Rocof | Y26: MTBF | AF26: Nota: T = 0 es cuando comienza el análisi, inicio de los 3 meses.
A27: 23 | B27: 14.795278 | C27: =B27+C26 -> 502.41056 | D27: =LN($P$7/C27) -> 1.3613279 | E27: =$P$12*C27^$P$11 -> 17.223864 | V27: 0 | W27: =EXP(-1*$P$12*V27^($P$11)) -> 1 | X27: =$P$12*$P$11*V27^($P$11-1) -> 0
A28: 24 | B28: 1.7211111 | C28: =B28+C27 -> 504.13167 | D28: =LN($P$7/C28) -> 1.3579081 | E28: =$P$12*C28^$P$11 -> 17.296039 | V28: =V27+250 -> 250 | W28: =EXP(-1*$P$12*V28^($P$11)) -> 0.00065129045 | X28: =$P$12*$P$11*V28^($P$11-1) -> 0.035883088 | Y28: =1/X28 -> 27.868281
A29: 25 | B29: 8.3938889 | C29: =B29+C28 -> 512.52556 | D29: =LN($P$7/C29) -> 1.341395 | E29: =$P$12*C29^$P$11 -> 17.64882 | V29: =V28+250 -> 500 | W29: =EXP(-1*$P$12*V29^($P$11)) -> 3.6612696e-08 | X29: =$P$12*$P$11*V29^($P$11-1) -> 0.041873979 | Y29: =1/X29 -> 23.88118
A30: 26 | B30: 25.402778 | C30: =B30+C29 -> 537.92833 | D30: =LN($P$7/C30) -> 1.2930202 | E30: =$P$12*C30^$P$11 -> 18.724244 | V30: =V29+250 -> 750 | W30: =EXP(-1*$P$12*V30^($P$11)) -> 6.1816149e-13 | X30: =$P$12*$P$11*V30^($P$11-1) -> 0.045831972 | Y30: =1/X30 -> 21.81883
A31: 27 | B31: 6.1652778 | C31: =B31+C30 -> 544.09361 | D31: =LN($P$7/C31) -> 1.2816242 | E31: =$P$12*C31^$P$11 -> 18.986982 | G31: MTBF = | H31: 16 hrs (histórico 3 meses) | V31: =V30+250 -> 1000 | W31: =EXP(-1*$P$12*V31^($P$11)) -> 4.4073088e-18 | X31: =$P$12*$P$11*V31^($P$11-1) -> 0.048865083 | Y31: =1/X31 -> 20.46451
A32: 28 | B32: 0.58166667 | C32: =B32+C31 -> 544.67528 | D32: =LN($P$7/C32) -> 1.2805557 | E32: =$P$12*C32^$P$11 -> 19.011804 | V32: =V31+250 -> 1250 | W32: =EXP(-1*$P$12*V32^($P$11)) -> 1.5835208e-23 | X32: =$P$12*$P$11*V32^($P$11-1) -> 0.051355308 | Y32: =1/X32 -> 19.472184
A33: 29 | B33: 72.519167 | C33: =B33+C32 -> 617.19444 | D33: =LN($P$7/C33) -> 1.1555614 | E33: =$P$12*C33^$P$11 -> 22.151315 | G33: Test de Tendencia de Laplace | V33: =V32+250 -> 1500 | W33: =EXP(-1*$P$12*V33^($P$11)) -> 3.202659e-29 | X33: =$P$12*$P$11*V33^($P$11-1) -> 0.053483887 | Y33: =1/X33 -> 18.69722
A34: 30 | B34: 19.283333 | C34: =B34+C33 -> 636.47778 | D34: =LN($P$7/C34) -> 1.124796 | E34: =$P$12*C34^$P$11 -> 23.000483 | V34: =V33+250 -> 1750 | W34: =EXP(-1*$P$12*V34^($P$11)) -> 3.9365787e-35 | X34: =$P$12*$P$11*V34^($P$11-1) -> 0.055352259 | Y34: =1/X34 -> 18.06611
A35: 31 | B35: 76.417778 | C35: =B35+C34 -> 712.89556 | D35: =LN($P$7/C35) -> 1.0114106 | E35: =$P$12*C35^$P$11 -> 26.42095 | G35: Suma ti = | H35: =SUM(C5:C95) -> 96975.201 | V35: =V34+250 -> 2000 | W35: =EXP(-1*$P$12*V35^($P$11)) -> 3.1119631e-41 | X35: =$P$12*$P$11*V35^($P$11-1) -> 0.057023393 | Y35: =1/X35 -> 17.536663
A36: 32 | B36: 107.25139 | C36: =B36+C35 -> 820.14694 | D36: =LN($P$7/C36) -> 0.871262 | E36: =$P$12*C36^$P$11 -> 31.35971 | G36: n = | H36: 91 | V36: =V35+250 -> 2250 | W36: =EXP(-1*$P$12*V36^($P$11)) -> 1.6529168e-47 | X36: =$P$12*$P$11*V36^($P$11-1) -> 0.058539267 | Y36: =1/X36 -> 17.082551
A37: 33 | B37: 12.370833 | C37: =B37+C36 -> 832.51778 | D37: =LN($P$7/C37) -> 0.85629095 | E37: =$P$12*C37^$P$11 -> 31.939063 | G37: to = | H37: =C95 -> 1960.0897 | V37: =V36+250 -> 2500 | W37: =EXP(-1*$P$12*V37^($P$11)) -> 6.1085269e-54 | X37: =$P$12*$P$11*V37^($P$11-1) -> 0.059929376 | Y37: =1/X37 -> 16.686308
A38: 34 | B38: 18.006667 | C38: =B38+C37 -> 850.52444 | D38: =LN($P$7/C38) -> 0.83489238 | E38: =$P$12*C38^$P$11 -> 32.785781 | V38: =V37+250 -> 2750 | W38: =EXP(-1*$P$12*V38^($P$11)) -> 1.6162806e-60 | X38: =$P$12*$P$11*V38^($P$11-1) -> 0.061215299 | Y38: =1/X38 -> 16.335786
A39: 35 | B39: 13.276389 | C39: =B39+C38 -> 863.80083 | D39: =LN($P$7/C39) -> 0.8194033 | E39: =$P$12*C39^$P$11 -> 33.412636 | G39: U = | H39: =(H35/H36-H37/2)/(H37*SQRT(1/(12*H36))) -> 1.4434235 | V39: =V38+250 -> 3000 | W39: =EXP(-1*$P$12*V39^($P$11)) -> 3.1360265e-67 | X39: =$P$12*$P$11*V39^($P$11-1) -> 0.062413333 | Y39: =1/X39 -> 16.022218
A40: 36 | B40: 16.411389 | C40: =B40+C39 -> 880.21222 | D40: =LN($P$7/C40) -> 0.80058249 | E40: =$P$12*C40^$P$11 -> 34.190482 | V40: =V39+250 -> 3250 | W40: =EXP(-1*$P$12*V40^($P$11)) -> 4.5535932e-74 | X40: =$P$12*$P$11*V40^($P$11-1) -> 0.063536111 | Y40: =1/X40 -> 15.739081
A41: 37 | B41: 33.766111 | C41: =B41+C40 -> 913.97833 | D41: =LN($P$7/C41) -> 0.76293866 | E41: =$P$12*C41^$P$11 -> 35.801017 | G41: Nivel de significancia: | V41: =V40+250 -> 3500 | W41: =EXP(-1*$P$12*V41^($P$11)) -> 5.0355578e-81 | X41: =$P$12*$P$11*V41^($P$11-1) -> 0.064593641 | Y41: =1/X41 -> 15.4814
A42: 38 | B42: 9.2513889 | C42: =B42+C41 -> 923.22972 | D42: =LN($P$7/C42) -> 0.75286744 | E42: =$P$12*C42^$P$11 -> 36.244618 | G42: α = | H42: 0.5 | V42: =V41+250 -> 3750 | W42: =EXP(-1*$P$12*V42^($P$11)) -> 4.3061667e-88 | X42: =$P$12*$P$11*V42^($P$11-1) -> 0.065593994 | Y42: =1/X42 -> 15.245298
A43: 39 | B43: 4.2008333 | C43: =B43+C42 -> 927.43056 | D43: =LN($P$7/C43) -> 0.74832761 | E43: =$P$12*C43^$P$11 -> 36.446374 | G43: => -0,674 < U < 0,674 | V43: =V42+250 -> 4000 | W43: =EXP(-1*$P$12*V43^($P$11)) -> 2.8861675e-95 | X43: =$P$12*$P$11*V43^($P$11-1) -> 0.06654378 | Y43: =1/X43 -> 15.0277
A44: 40 | B44: 12.824444 | C44: =B44+C43 -> 940.255 | D44: =LN($P$7/C44) -> 0.73459441 | E44: =$P$12*C44^$P$11 -> 37.063558 | V44: =V43+250 -> 4250 | W44: =EXP(-1*$P$12*V44^($P$11)) -> 1.5343443e-102 | X44: =$P$12*$P$11*V44^($P$11-1) -> 0.067448491 | Y44: =1/X44 -> 14.826129
A45: 41 | B45: 9.9488889 | C45: =B45+C44 -> 950.20389 | D45: =LN($P$7/C45) -> 0.72406895 | E45: =$P$12*C45^$P$11 -> 37.54365 | G45: Sistema triste, dregradación de la confiabilidad. | V45: =V44+250 -> 4500 | W45: =EXP(-1*$P$12*V45^($P$11)) -> 6.5393017e-110 | X45: =$P$12*$P$11*V45^($P$11-1) -> 0.068312738 | Y45: =1/X45 -> 14.638558
A46: 42 | B46: 38.060833 | C46: =B46+C45 -> 988.26472 | D46: =LN($P$7/C46) -> 0.68479493 | E46: =$P$12*C46^$P$11 -> 39.390574 | V46: =V45+250 -> 4750 | W46: =EXP(-1*$P$12*V46^($P$11)) -> 2.2559133e-117 | X46: =$P$12*$P$11*V46^($P$11-1) -> 0.069140434 | Y46: =1/X46 -> 14.463317
A47: 43 | B47: 5.1236111 | C47: =B47+C46 -> 993.38833 | D47: =LN($P$7/C47) -> 0.67962387 | E47: =$P$12*C47^$P$11 -> 39.640426 | V47: =V46+250 -> 5000 | W47: =EXP(-1*$P$12*V47^($P$11)) -> 6.354446e-125 | X47: =$P$12*$P$11*V47^($P$11-1) -> 0.069934934 | Y47: =1/X47 -> 14.299005
A48: 44 | B48: 69.629722 | C48: =B48+C47 -> 1063.0181 | D48: =LN($P$7/C48) -> 0.61187816 | E48: =$P$12*C48^$P$11 -> 43.06392 | V48: =V47+250 -> 5250 | W48: =EXP(-1*$P$12*V48^($P$11)) -> 1.4731285e-132 | X48: =$P$12*$P$11*V48^($P$11-1) -> 0.070699132 | Y48: =1/X48 -> 14.144445
A49: 45 | B49: 24 | C49: =B49+C48 -> 1087.0181 | D49: =LN($P$7/C49) -> 0.58955203 | E49: =$P$12*C49^$P$11 -> 44.255727 | V49: =V48+250 -> 5500 | W49: =EXP(-1*$P$12*V49^($P$11)) -> 2.8311392e-140 | X49: =$P$12*$P$11*V49^($P$11-1) -> 0.071435549 | Y49: =1/X49 -> 13.998632
A50: 46 | B50: 6.2502778 | C50: =B50+C49 -> 1093.2683 | D50: =LN($P$7/C50) -> 0.58381857 | E50: =$P$12*C50^$P$11 -> 44.567076 | V50: =V49+250 -> 5750 | W50: =EXP(-1*$P$12*V50^($P$11)) -> 4.5408116e-148 | X50: =$P$12*$P$11*V50^($P$11-1) -> 0.072146391 | Y50: =1/X50 -> 13.860707
A51: 47 | B51: 72.258333 | C51: =B51+C50 -> 1165.5267 | D51: =LN($P$7/C51) -> 0.51981719 | E51: =$P$12*C51^$P$11 -> 48.194893 | V51: =V50+250 -> 6000 | W51: =EXP(-1*$P$12*V51^($P$11)) -> 6.1154224e-156 | X51: =$P$12*$P$11*V51^($P$11-1) -> 0.072833602 | Y51: =1/X51 -> 13.729926
A52: 48 | B52: 24.371944 | C52: =B52+C51 -> 1189.8986 | D52: =LN($P$7/C52) -> 0.49912215 | E52: =$P$12*C52^$P$11 -> 49.43002 | V52: =V51+250 -> 6250 | W52: =EXP(-1*$P$12*V52^($P$11)) -> 6.955213e-164 | X52: =$P$12*$P$11*V52^($P$11-1) -> 0.073498905 | Y52: =1/X52 -> 13.605645
A53: 49 | B53: 8.8791667 | C53: =B53+C52 -> 1198.7778 | D53: =LN($P$7/C53) -> 0.49168773 | E53: =$P$12*C53^$P$11 -> 49.881409
A54: 50 | B54: 30.532222 | C54: =B54+C53 -> 1229.31 | D54: =LN($P$7/C54) -> 0.46653721 | E54: =$P$12*C54^$P$11 -> 51.439232
A55: 51 | B55: 26.266111 | C55: =B55+C54 -> 1255.5761 | D55: =LN($P$7/C55) -> 0.44539573 | E55: =$P$12*C55^$P$11 -> 52.786311
A56: 52 | B56: 18.085278 | C56: =B56+C55 -> 1273.6614 | D56: =LN($P$7/C56) -> 0.43109451 | E56: =$P$12*C56^$P$11 -> 53.717494
A57: 53 | B57: 0.49194444 | C57: =B57+C56 -> 1274.1533 | D57: =LN($P$7/C57) -> 0.43070834 | E57: =$P$12*C57^$P$11 -> 53.742864
A58: 54 | B58: 2.5405556 | C58: =B58+C57 -> 1276.6939 | D58: =LN($P$7/C58) -> 0.42871641 | E58: =$P$12*C58^$P$11 -> 53.873922
A59: 55 | B59: 8.5058333 | C59: =B59+C58 -> 1285.1997 | D59: =LN($P$7/C59) -> 0.42207612 | E59: =$P$12*C59^$P$11 -> 54.313128
A60: 56 | B60: 0.20638889 | C60: =B60+C59 -> 1285.4061 | D60: =LN($P$7/C60) -> 0.42191554 | E60: =$P$12*C60^$P$11 -> 54.323793
A61: 57 | B61: 4.7908333 | C61: =B61+C60 -> 1290.1969 | D61: =LN($P$7/C61) -> 0.41819537 | E61: =$P$12*C61^$P$11 -> 54.571466
A62: 58 | B62: 10.969444 | C62: =B62+C61 -> 1301.1664 | D62: =LN($P$7/C62) -> 0.40972916 | E62: =$P$12*C62^$P$11 -> 55.139327
A63: 59 | B63: 5.8405556 | C63: =B63+C62 -> 1307.0069 | D63: =LN($P$7/C63) -> 0.4052505 | E63: =$P$12*C63^$P$11 -> 55.442114
A64: 60 | B64: 6.9763889 | C64: =B64+C63 -> 1313.9833 | D64: =LN($P$7/C64) -> 0.39992701 | E64: =$P$12*C64^$P$11 -> 55.80418
... A95: 91 | B95: 48.297222 | C95: =B95+C94 -> 1960.0897 | D95: =LN($P$7/C95) -> 0 | E95: =$P$12*C95^$P$11 -> 91
