Workbook

Sheet Espectro Diseño
B2: ZUCS | C2: =(C5*C6*C7*C11)/C12 -> 0.13089005
B3: R
B5: Z4 | C5: 0.45
B6: Uc | C6: 1
B7: C | C7: =2.5*(C9/C8) -> 1.5706806
B8: T (hn/CT) | C8: =38.2/60 -> 0.63666667
B9: Tp | C9: 0.4
B10: TL | C10: 2.5
B11: S1 | C11: 1
B12: R | C12: =C13*C14*C15 -> 5.4
B13: Ro | C13: 6
B14: Ia | C14: 0.9
B15: Ip | C15: 1
B17: k | C17: =0.75+(0.5*C8) -> 1.0683333

Sheet CARGAS
B2: DEAD | C2: Peso Propio de los Elementos Estructurales
B4: CM | C4: Peso Acabados + Peso ladrillo Techo + Peso muros albañilería + Tanque Elevado
C6: Peso Acabados | E6: 100 | F6: kg/m2
C7: Peso Ladrillo de Techo | E7: =F16 -> 90 | F7: kg/m2
E8: Vc=0.05+0.25H
E9: Vc=0.05+0.25(0.15)
E10: Vc | F10: =0.05+0.25*(0.15) -> 0.0875 | G10: m3/m2
E12: Peso Esp. Concreto | G12: 2400 | H12: kg/m3
E14: Wc | F14: =G12*F10 -> 210 | G14: kg/m2
E15: Wladrillo = Wlosa-Wc
E16: Wladrillo | F16: =300-F14 -> 90 | G16: kg/m2
C18: Peso Muros sobre Área | E18: 250 | F18: kg/m2
C20: Peso Muros sobre Viga | E20: e | F20: 0.15 | G20: m
E21: h | F21: 1.2 | G21: m
E22: Peso Esp. | F22: 1350 | G22: kg/m3
E23: Wmuro | F23: =F22*F21*F20 -> 243 | G23: kg/m
C25: Tanque Losa Ascensor (1) | E25: Vol | F25: 2.5 | G25: m3
E26: Peso Esp. H2O | F26: 1000 | G26: kg/m3
E27: Wtanque | F27: =F26*F25 -> 2500 | G27: kg
E28: Área | F28: 4 | G28: m2
E29: Wtanque/m2 | F29: =F27/F28 -> 625 | G29: kg/m2
C31: Tanque Losa Central (4) | E31: Vol | F31: =2.5*4 -> 10 | G31: m3
E32: Peso Esp. H2O | F32: 1000 | G32: kg/m3
E33: Wtanque | F33: =F32*F31 -> 10000 | G33: kg
E34: Área | F34: 17.5 | G34: m2
E35: Wtanque/m2 | F35: =F33/F34 -> 571.42857 | G35: kg/m2
B37: LIVE | C37: Carga Viva de Entrepiso
C38: Sótano | D38: Garaje | E38: 250 | F38: kg/m2
C39: Semisótano | D39: Garaje | E39: 250 | F39: kg/m2
D40: Escalera | E40: 250 | F40: kg/m2
C41: 1°-2°nivel | D41: Restaurante | E41: 400 | F41: kg/m2
D42: Escalera | E42: 500 | F42: kg/m2
C43: 3°-10°nivel | D43: Departamentos | E43: 200 | F43: kg/m2
D44: Escalera | E44: 200 | F44: kg/m2
B46: LIVE UP | C46: Carga Viva de Techo
D47: Azotea | E47: 100 | F47: kg/m2

Sheet COMBINACIONES
B1: COMBINACIÓN N°01: 1.4CM+1.7CV
B3: COMB1 | C3: 1.4 | D3: DEAD | E3: 1.4 | F3: CM | G3: 1.7 | H3: LIVE | I3: 1.7 | J3: LIVE UP
B4: COMB2 | C4: 1.4 | D4: DEAD | E4: 1.4 | F4: CM | G4: 1.7 | H4: LIVE 1 | I4: 1.7 | J4: LIVE UP
B5: COMB3 | C5: 1.4 | D5: DEAD | E5: 1.4 | F5: CM | G5: 1.7 | H5: LIVE 2 | I5: 1.7 | J5: LIVE UP
B7: COMBINACIÓN N°02: 1.25CM+1.25CV+-CS
B9: COMB4 | C9: 1.25 | D9: DEAD | E9: 1.25 | F9: CM | G9: 1.25 | H9: LIVE | I9: 1.25 | J9: LIVE UP | K9: 1 | L9: SxD
B10: COMB5 | C10: 1.25 | D10: DEAD | E10: 1.25 | F10: CM | G10: 1.25 | H10: LIVE | I10: 1.25 | J10: LIVE UP | K10: -1 | L10: SxD
B11: COMB6 | C11: 1.25 | D11: DEAD | E11: 1.25 | F11: CM | G11: 1.25 | H11: LIVE | I11: 1.25 | J11: LIVE UP | K11: 1 | L11: SyD
B12: COMB7 | C12: 1.25 | D12: DEAD | E12: 1.25 | F12: CM | G12: 1.25 | H12: LIVE | I12: 1.25 | J12: LIVE UP | K12: -1 | L12: SyD
B13: COMB8 | C13: 1.25 | D13: DEAD | E13: 1.25 | F13: CM | G13: 1.25 | H13: LIVE 1 | I13: 1.25 | J13: LIVE UP | K13: 1 | L13: SxD
B14: COMB9 | C14: 1.25 | D14: DEAD | E14: 1.25 | F14: CM | G14: 1.25 | H14: LIVE 1 | I14: 1.25 | J14: LIVE UP | K14: -1 | L14: SxD
B15: COMB10 | C15: 1.25 | D15: DEAD | E15: 1.25 | F15: CM | G15: 1.25 | H15: LIVE 1 | I15: 1.25 | J15: LIVE UP | K15: 1 | L15: SyD
B16: COMB11 | C16: 1.25 | D16: DEAD | E16: 1.25 | F16: CM | G16: 1.25 | H16: LIVE 1 | I16: 1.25 | J16: LIVE UP | K16: -1 | L16: SyD
B17: COMB12 | C17: 1.25 | D17: DEAD | E17: 1.25 | F17: CM | G17: 1.25 | H17: LIVE 2 | I17: 1.25 | J17: LIVE UP | K17: 1 | L17: SxD
B18: COMB13 | C18: 1.25 | D18: DEAD | E18: 1.25 | F18: CM | G18: 1.25 | H18: LIVE 2 | I18: 1.25 | J18: LIVE UP | K18: -1 | L18: SxD
B19: COMB14 | C19: 1.25 | D19: DEAD | E19: 1.25 | F19: CM | G19: 1.25 | H19: LIVE 2 | I19: 1.25 | J19: LIVE UP | K19: 1 | L19: SyD
B20: COMB15 | C20: 1.25 | D20: DEAD | E20: 1.25 | F20: CM | G20: 1.25 | H20: LIVE 2 | I20: 1.25 | J20: LIVE UP | K20: -1 | L20: SyD
B22: COMBINACIÓN N°03: 0.90CM+-CS
B24: COMB16 | C24: 0.9 | D24: DEAD | E24: 0.9 | F24: CM | G24: 1 | H24: SxD
B25: COMB17 | C25: 0.9 | D25: DEAD | E25: 0.9 | F25: CM | G25: -1 | H25: SxD
B26: COMB18 | C26: 0.9 | D26: DEAD | E26: 0.9 | F26: CM | G26: 1 | H26: SyD
B27: COMB19 | C27: 0.9 | D27: DEAD | E27: 0.9 | F27: CM | G27: -1 | H27: SyD
B29: COMBINACIÓN N°04: ENVOLVENTE
B31: COMB20 | C31: COMB1 + COMB2 + … + COMB19

Sheet VERIFICACIONES
A2: 1 | B2: VERIFICACIÓN POR PARTICIPACIÓN MODAL
B8: TABLE: Modal Load Participation Ratios
B9: OutputCase | C9: ItemType | D9: Item | E9: Static | F9: Dynamic
B10: Text | C10: Text | D10: Text | E10: Percent | F10: Percent
B11: MODAL | C11: Acceleration | D11: UX | E11: 100 | F11: 98.208 | G11: =IF(F11>90,"OK","ERROR") -> OK
B12: MODAL | C12: Acceleration | D12: UY | E12: 100 | F12: 97.4525 | G12: =IF(F12>90,"OK","ERROR") -> OK
B13: MODAL | C13: Acceleration | D13: UZ | E13: 0 | F13: 0
A16: 2 | B16: VERIFICACIÓN DE DESPLAZAMIENTOS LATERALES
B35: DIRECCIÓN X
B37: EJES | C37: N° PISO | D37: DESP. ABS. | E37: Δi | F37: hei | G37: DISTORSIÓN
B38: EJE A Y EJE 1 | C38: PISO 6 | D38: 9.972119 | E38: =D38-D39 -> 1.96879 | F38: 300 | G38: =E38/F38 -> 0.0065626333 | H38: =IF(G38<0.007,"OK","ERROR") -> OK
C39: PISO 5 | D39: 8.003329 | E39: =D39-D40 -> 1.946674 | F39: 300 | G39: =E39/F39 -> 0.0064889133 | H39: =IF(G39<0.007,"OK","ERROR") -> OK
C40: PISO 4 | D40: 6.056655 | E40: =D40-D41 -> 1.867993 | F40: 300 | G40: =E40/F40 -> 0.0062266433 | H40: =IF(G40<0.007,"OK","ERROR") -> OK
C41: PISO 3 | D41: 4.188662 | E41: =D41-D42 -> 1.707759 | F41: 300 | G41: =E41/F41 -> 0.00569253 | H41: =IF(G41<0.007,"OK","ERROR") -> OK
C42: PISO 2 | D42: 2.480903 | E42: =D42-D43 -> 1.429107 | F42: 300 | G42: =E42/F42 -> 0.00476369 | H42: =IF(G42<0.007,"OK","ERROR") -> OK
C43: PISO 1 | D43: 1.051796 | E43: =D43-D44 -> 0.958583 | F43: 300 | G43: =E43/F43 -> 0.0031952767 | H43: =IF(G43<0.007,"OK","ERROR") -> OK
C44: SEMISÓTANO | D44: 0.093213 | E44: =D44-D45 -> 0.093213 | F44: 280 | G44: =E44/F44 -> 0.00033290357 | H44: =IF(G44<0.007,"OK","ERROR") -> OK
C45: SÓTANO | D45: 0 | E45: =D45-D46 -> 0 | F45: 280 | G45: =E45/F45 -> 0 | H45: =IF(G45<0.007,"OK","ERROR") -> OK
C46: BASE | D46: 0
B47: EJE A Y EJE 3 | C47: PISO 10 | D47: 16.478506 | E47: =D47-D48 -> 1.766289 | F47: 300 | G47: =E47/F47 -> 0.00588763 | H47: =IF(G47<0.007,"OK","ERROR") -> OK
C48: PISO 9 | D48: 14.712217 | E48: =D48-D49 -> 1.812626 | F48: 300 | G48: =E48/F48 -> 0.0060420867 | H48: =IF(G48<0.007,"OK","ERROR") -> OK
C49: PISO 8 | D49: 12.899591 | E49: =D49-D50 -> 1.846858 | F49: 300 | G49: =E49/F49 -> 0.0061561933 | H49: =IF(G49<0.007,"OK","ERROR") -> OK
C50: PISO 7 | D50: 11.052733 | E50: =D50-D51 -> 1.855454 | F50: 300 | G50: =E50/F50 -> 0.0061848467 | H50: =IF(G50<0.007,"OK","ERROR") -> OK
C51: PISO 6 | D51: 9.197279 | E51: =D51-D52 -> 1.821895 | F51: 300 | G51: =E51/F51 -> 0.0060729833 | H51: =IF(G51<0.007,"OK","ERROR") -> OK
C52: PISO 5 | D52: 7.375384 | E52: =D52-D53 -> 1.798122 | F52: 300 | G52: =E52/F52 -> 0.00599374 | H52: =IF(G52<0.007,"OK","ERROR") -> OK
C53: PISO 4 | D53: 5.577262 | E53: =D53-D54 -> 1.722415 | F53: 300 | G53: =E53/F53 -> 0.0057413833 | H53: =IF(G53<0.007,"OK","ERROR") -> OK
C54: PISO 3 | D54: 3.854847 | E54: =D54-D55 -> 1.571917 | F54: 300 | G54: =E54/F54 -> 0.0052397233 | H54: =IF(G54<0.007,"OK","ERROR") -> OK
C55: PISO 2 | D55: 2.28293 | E55: =D55-D56 -> 1.313002 | F55: 300 | G55: =E55/F55 -> 0.0043766733 | H55: =IF(G55<0.007,"OK","ERROR") -> OK
C56: PISO 1 | D56: 0.969928 | E56: =D56-D57 -> 0.87936 | F56: 300 | G56: =E56/F56 -> 0.0029312 | H56: =IF(G56<0.007,"OK","ERROR") -> OK
C57: SEMISÓTANO | D57: 0.090568 | E57: =D57-D58 -> 0.090568 | F57: 280 | G57: =E57/F57 -> 0.00032345714 | H57: =IF(G57<0.007,"OK","ERROR") -> OK
C58: SÓTANO | D58: 0 | E58: =D58-D59 -> 0 | F58: 280 | G58: =E58/F58 -> 0 | H58: =IF(G58<0.007,"OK","ERROR") -> OK
C59: BASE | D59: 0
B60: EJE A Y EJE 8 | C60: PISO 10 | D60: 16.505414 | E60: =D60-D61 -> 1.773582 | F60: 300 | G60: =E60/F60 -> 0.00591194 | H60: =IF(G60<0.007,"OK","ERROR") -> OK
C61: PISO 9 | D61: 14.731832 | E61: =D61-D62 -> 1.819025 | F61: 300 | G61: =E61/F61 -> 0.0060634167 | H61: =IF(G61<0.007,"OK","ERROR") -> OK
C62: PISO 8 | D62: 12.912807 | E62: =D62-D63 -> 1.852222 | F62: 300 | G62: =E62/F62 -> 0.0061740733 | H62: =IF(G62<0.007,"OK","ERROR") -> OK
C63: PISO 7 | D63: 11.060585 | E63: =D63-D64 -> 1.859748 | F63: 300 | G63: =E63/F63 -> 0.00619916 | H63: =IF(G63<0.007,"OK","ERROR") -> OK
C64: PISO 6 | D64: 9.200837 | E64: =D64-D65 -> 1.82496 | F64: 300 | G64: =E64/F64 -> 0.0060832 | H64: =IF(G64<0.007,"OK","ERROR") -> OK
C65: PISO 5 | D65: 7.375877 | E65: =D65-D66 -> 1.800276 | F65: 300 | G65: =E65/F65 -> 0.00600092 | H65: =IF(G65<0.007,"OK","ERROR") -> OK
C66: PISO 4 | D66: 5.575601 | E66: =D66-D67 -> 1.723529 | F66: 300 | G66: =E66/F66 -> 0.0057450967 | H66: =IF(G66<0.007,"OK","ERROR") -> OK
C67: PISO 3 | D67: 3.852072 | E67: =D67-D68 -> 1.571982 | F67: 300 | G67: =E67/F67 -> 0.00523994 | H67: =IF(G67<0.007,"OK","ERROR") -> OK
C68: PISO 2 | D68: 2.28009 | E68: =D68-D69 -> 1.312045 | F68: 300 | G68: =E68/F68 -> 0.0043734833 | H68: =IF(G68<0.007,"OK","ERROR") -> OK
C69: PISO 1 | D69: 0.968045 | E69: =D69-D70 -> 0.877473 | F69: 300 | G69: =E69/F69 -> 0.00292491 | H69: =IF(G69<0.007,"OK","ERROR") -> OK
C70: SEMISÓTANO | D70: 0.090572 | E70: =D70-D71 -> 0.090572 | F70: 280 | G70: =E70/F70 -> 0.00032347143 | H70: =IF(G70<0.007,"OK","ERROR") -> OK
C71: SÓTANO | D71: 0 | E71: =D71-D72 -> 0 | F71: 280 | G71: =E71/F71 -> 0 | H71: =IF(G71<0.007,"OK","ERROR") -> OK
C72: BASE | D72: 0
B73: EJE A Y EJE 10 | C73: SEMISÓTANO | D73: 0.093188 | E73: =D73-D74 -> 0.093188 | F73: 280 | G73: =E73/F73 -> 0.00033281429 | H73: =IF(G73<0.007,"OK","ERROR") -> OK
C74: SÓTANO | D74: 0 | E74: =D74-D75 -> 0 | F74: 280 | G74: =E74/F74 -> 0 | H74: =IF(G74<0.007,"OK","ERROR") -> OK
C75: BASE | D75: 0
B76: EJE F Y EJE 1 | C76: SEMISÓTANO | D76: 0.093213 | E76: =D76-D77 -> 0.093213 | F76: 280 | G76: =E76/F76 -> 0.00033290357 | H76: =IF(G76<0.007,"OK","ERROR") -> OK
C77: SÓTANO | D77: 0 | E77: =D77-D78 -> 0 | F77: 280 | G77: =E77/F77 -> 0 | H77: =IF(G77<0.007,"OK","ERROR") -> OK
C78: BASE | D78: 0
B79: EJE F Y EJE 3 | C79: PISO 10 | D79: 16.478506 | E79: =D79-D80 -> 1.766289 | F79: 300 | G79: =E79/F79 -> 0.00588763 | H79: =IF(G79<0.007,"OK","ERROR") -> OK
C80: PISO 9 | D80: 14.712217 | E80: =D80-D81 -> 1.812626 | F80: 300 | G80: =E80/F80 -> 0.0060420867 | H80: =IF(G80<0.007,"OK","ERROR") -> OK
C81: PISO 8 | D81: 12.899591 | E81: =D81-D82 -> 1.846858 | F81: 300 | G81: =E81/F81 -> 0.0061561933 | H81: =IF(G81<0.007,"OK","ERROR") -> OK
C82: PISO 7 | D82: 11.052733 | E82: =D82-D83 -> 1.855454 | F82: 300 | G82: =E82/F82 -> 0.0061848467 | H82: =IF(G82<0.007,"OK","ERROR") -> OK
C83: PISO 6 | D83: 9.197279 | E83: =D83-D84 -> 1.821895 | F83: 300 | G83: =E83/F83 -> 0.0060729833 | H83: =IF(G83<0.007,"OK","ERROR") -> OK
C84: PISO 5 | D84: 7.375384 | E84: =D84-D85 -> 1.798122 | F84: 300 | G84: =E84/F84 -> 0.00599374 | H84: =IF(G84<0.007,"OK","ERROR") -> OK
C85: PISO 4 | D85: 5.577262 | E85: =D85-D86 -> 1.722415 | F85: 300 | G85: =E85/F85 -> 0.0057413833 | H85: =IF(G85<0.007,"OK","ERROR") -> OK
C86: PISO 3 | D86: 3.854847 | E86: =D86-D87 -> 1.571917 | F86: 300 | G86: =E86/F86 -> 0.0052397233 | H86: =IF(G86<0.007,"OK","ERROR") -> OK
C87: PISO 2 | D87: 2.28293 | E87: =D87-D88 -> 1.313002 | F87: 300 | G87: =E87/F87 -> 0.0043766733 | H87: =IF(G87<0.007,"OK","ERROR") -> OK
C88: PISO 1 | D88: 0.969928 | E88: =D88-D89 -> 0.87936 | F88: 300 | G88: =E88/F88 -> 0.0029312 | H88: =IF(G88<0.007,"OK","ERROR") -> OK
C89: SEMISÓTANO | D89: 0.090568 | E89: =D89-D90 -> 0.090568 | F89: 280 | G89: =E89/F89 -> 0.00032345714 | H89: =IF(G89<0.007,"OK","ERROR") -> OK
C90: SÓTANO | D90: 0 | E90: =D90-D91 -> 0 | F90: 280 | G90: =E90/F90 -> 0 | H90: =IF(G90<0.007,"OK","ERROR") -> OK
C91: BASE | D91: 0
B92: EJE F Y EJE 8 | C92: PISO 10 | D92: 16.505414 | E92: =D92-D93 -> 1.773582 | F92: 300 | G92: =E92/F92 -> 0.00591194 | H92: =IF(G92<0.007,"OK","ERROR") -> OK
C93: PISO 9 | D93: 14.731832 | E93: =D93-D94 -> 1.819025 | F93: 300 | G93: =E93/F93 -> 0.0060634167 | H93: =IF(G93<0.007,"OK","ERROR") -> OK
C94: PISO 8 | D94: 12.912807 | E94: =D94-D95 -> 1.852222 | F94: 300 | G94: =E94/F94 -> 0.0061740733 | H94: =IF(G94<0.007,"OK","ERROR") -> OK
C95: PISO 7 | D95: 11.060585 | E95: =D95-D96 -> 1.859748 | F95: 300 | G95: =E95/F95 -> 0.00619916 | H95: =IF(G95<0.007,"OK","ERROR") -> OK
C96: PISO 6 | D96: 9.200837 | E96: =D96-D97 -> 1.82496 | F96: 300 | G96: =E96/F96 -> 0.0060832 | H96: =IF(G96<0.007,"OK","ERROR") -> OK
C97: PISO 5 | D97: 7.375877 | E97: =D97-D98 -> 1.800276 | F97: 300 | G97: =E97/F97 -> 0.00600092 | H97: =IF(G97<0.007,"OK","ERROR") -> OK
C98: PISO 4 | D98: 5.575601 | E98: =D98-D99 -> 1.723529 | F98: 300 | G98: =E98/F98 -> 0.0057450967 | H98: =IF(G98<0.007,"OK","ERROR") -> OK
C99: PISO 3 | D99: 3.852072 | E99: =D99-D100 -> 1.571982 | F99: 300 | G99: =E99/F99 -> 0.00523994 | H99: =IF(G99<0.007,"OK","ERROR") -> OK
C100: PISO 2 | D100: 2.28009 | E100: =D100-D101 -> 1.312045 | F100: 300 | G100: =E100/F100 -> 0.0043734833 | H100: =IF(G100<0.007,"OK","ERROR") -> OK
C101: PISO 1 | D101: 0.968045 | E101: =D101-D102 -> 0.877473 | F101: 300 | G101: =E101/F101 -> 0.00292491 | H101: =IF(G101<0.007,"OK","ERROR") -> OK
C102: SEMISÓTANO | D102: 0.090572 | E102: =D102-D103 -> 0.090572 | F102: 280 | G102: =E102/F102 -> 0.00032347143 | H102: =IF(G102<0.007,"OK","ERROR") -> OK
C103: SÓTANO | D103: 0 | E103: =D103-D104 -> 0 | F103: 280 | G103: =E103/F103 -> 0 | H103: =IF(G103<0.007,"OK","ERROR") -> OK
C104: BASE | D104: 0
B105: EJE F Y EJE 10 | C105: PISO 6 | D105: 9.977145 | E105: =D105-D106 -> 1.973861 | F105: 300 | G105: =E105/F105 -> 0.0065795367 | H105: =IF(G105<0.007,"OK","ERROR") -> OK
C106: PISO 5 | D106: 8.003284 | E106: =D106-D107 -> 1.950216 | F106: 300 | G106: =E106/F106 -> 0.00650072 | H106: =IF(G106<0.007,"OK","ERROR") -> OK
C107: PISO 4 | D107: 6.053068 | E107: =D107-D108 -> 1.869753 | F107: 300 | G107: =E107/F107 -> 0.00623251 | H107: =IF(G107<0.007,"OK","ERROR") -> OK
C108: PISO 3 | D108: 4.183315 | E108: =D108-D109 -> 1.707698 | F108: 300 | G108: =E108/F108 -> 0.0056923267 | H108: =IF(G108<0.007,"OK","ERROR") -> OK
C109: PISO 2 | D109: 2.475617 | E109: =D109-D110 -> 1.427262 | F109: 300 | G109: =E109/F109 -> 0.00475754 | H109: =IF(G109<0.007,"OK","ERROR") -> OK
C110: PISO 1 | D110: 1.048355 | E110: =D110-D111 -> 0.955167 | F110: 300 | G110: =E110/F110 -> 0.00318389 | H110: =IF(G110<0.007,"OK","ERROR") -> OK
C111: SEMISÓTANO | D111: 0.093188 | E111: =D111-D112 -> 0.093188 | F111: 280 | G111: =E111/F111 -> 0.00033281429 | H111: =IF(G111<0.007,"OK","ERROR") -> OK
C112: SÓTANO | D112: 0 | E112: =D112-D113 -> 0 | F112: 280 | G112: =E112/F112 -> 0 | H112: =IF(G112<0.007,"OK","ERROR") -> OK
C113: BASE | D113: 0
B114: EJE 1 Y EJE E | C114: PISO 6 | D114: 9.972119 | E114: =D114-D115 -> 1.96879 | F114: 300 | G114: =E114/F114 -> 0.0065626333 | H114: =IF(G114<0.007,"OK","ERROR") -> OK
C115: PISO 5 | D115: 8.003329 | E115: =D115-D116 -> 1.946674 | F115: 300 | G115: =E115/F115 -> 0.0064889133 | H115: =IF(G115<0.007,"OK","ERROR") -> OK
C116: PISO 4 | D116: 6.056655 | E116: =D116-D117 -> 1.867993 | F116: 300 | G116: =E116/F116 -> 0.0062266433 | H116: =IF(G116<0.007,"OK","ERROR") -> OK
C117: PISO 3 | D117: 4.188662 | E117: =D117-D118 -> 1.707759 | F117: 300 | G117: =E117/F117 -> 0.00569253 | H117: =IF(G117<0.007,"OK","ERROR") -> OK
C118: PISO 2 | D118: 2.480903 | E118: =D118-D119 -> 1.429107 | F118: 300 | G118: =E118/F118 -> 0.00476369 | H118: =IF(G118<0.007,"OK","ERROR") -> OK
C119: PISO 1 | D119: 1.051796 | E119: =D119-D120 -> 0.958583 | F119: 300 | G119: =E119/F119 -> 0.0031952767 | H119: =IF(G119<0.007,"OK","ERROR") -> OK
C120: SEMISÓTANO | D120: 0.093213 | E120: =D120-D121 -> 0.093213 | F120: 280 | G120: =E120/F120 -> 0.00033290357 | H120: =IF(G120<0.007,"OK","ERROR") -> OK
C121: SÓTANO | D121: 0 | E121: =D121-D122 -> 0 | F121: 280 | G121: =E121/F121 -> 0 | H121: =IF(G121<0.007,"OK","ERROR") -> OK
C122: BASE | D122: 0
B123: EJE 10 Y EJE B | C123: PISO 6 | D123: 9.977145 | E123: =D123-D124 -> 1.973861 | F123: 300 | G123: =E123/F123 -> 0.0065795367 | H123: =IF(G123<0.007,"OK","ERROR") -> OK
C124: PISO 5 | D124: 8.003284 | E124: =D124-D125 -> 1.950216 | F124: 300 | G124: =E124/F124 -> 0.00650072 | H124: =IF(G124<0.007,"OK","ERROR") -> OK
C125: PISO 4 | D125: 6.053068 | E125: =D125-D126 -> 1.869753 | F125: 300 | G125: =E125/F125 -> 0.00623251 | H125: =IF(G125<0.007,"OK","ERROR") -> OK
C126: PISO 3 | D126: 4.183315 | E126: =D126-D127 -> 1.707698 | F126: 300 | G126: =E126/F126 -> 0.0056923267 | H126: =IF(G126<0.007,"OK","ERROR") -> OK
C127: PISO 2 | D127: 2.475617 | E127: =D127-D128 -> 1.427262 | F127: 300 | G127: =E127/F127 -> 0.00475754 | H127: =IF(G127<0.007,"OK","ERROR") -> OK
...

Sheet PESO
B2: PISO 1 - 2 | C2: =I21+I23+0.25*I25 -> 850.99903 | D2: Ton
B4: DEAD | C4: COLUNAS | D4: 58 | E4: 3 | F4: 0.4 | G4: 0.5 | H4: 2.4028 | I4: =D4*E4*F4*G4*H4 -> 83.61744 | J4: Ton
C5: VIGAS | D5: 2 | E5: =3.5*3 -> 10.5 | F5: 0.25 | G5: 0.4 | H5: 2.4028 | I5: =D5*E5*F5*G5*H5 -> 5.04588 | J5: Ton
D6: 4 | E6: =3.5*3+5 -> 15.5 | F6: 0.25 | G6: 0.4 | H6: 2.4028 | I6: =D6*E6*F6*G6*H6 -> 14.89736 | J6: Ton
D7: 4 | E7: =3.5*3+5*2 -> 20.5 | F7: 0.25 | G7: 0.4 | H7: 2.4028 | I7: =D7*E7*F7*G7*H7 -> 19.70296 | J7: Ton
D8: 2 | E8: =4*5+2*4 -> 28 | F8: 0.25 | G8: 0.4 | H8: 2.4028 | I8: =D8*E8*F8*G8*H8 -> 13.45568 | J8: Ton
D9: 2 | E9: =41-4 -> 37 | F9: 0.25 | G9: 0.4 | H9: 2.4028 | I9: =D9*E9*F9*G9*H9 -> 17.78072 | J9: Ton
D10: 2 | E10: 41 | F10: 0.25 | G10: 0.4 | H10: 2.4028 | I10: =D10*E10*F10*G10*H10 -> 19.70296 | J10: Ton
C11: MUROS | D11: 6 | E11: 5 | F11: 0.25 | G11: 3 | H11: 2.4028 | I11: =D11*E11*F11*G11*H11 -> 54.063 | J11: Ton
D12: 2 | E12: 4 | F12: 0.25 | G12: 3 | H12: 2.4028 | I12: =D12*E12*F12*G12*H12 -> 14.4168 | J12: Ton
D13: 4 | E13: 6 | F13: 0.25 | G13: 3 | H13: 2.4028 | I13: =D13*E13*F13*G13*H13 -> 43.2504 | J13: Ton
C14: ESCALERA | D14: 3 | E14: 3.3541 | F14: 0.15 | G14: 1 | H14: 2.4028 | I14: =D14*E14*F14*G14*H14 -> 3.6266542 | J14: Ton
D15: 2 | E15: 2.25 | F15: 0.15 | G15: 1 | H15: 2.4028 | I15: =D15*E15*F15*G15*H15 -> 1.62189 | J15: Ton
C16: LOSA 5cm | D16: 1 | E16: =(41*20.5)-(80+(3.5*5*4)+(1.5*5*2)) -> 675.5 | F16: 0.05 | G16: 1 | H16: 2.4028 | I16: =D16*E16*F16*G16*H16 -> 81.15457 | J16: Ton
C17: VIGUETAS | D17: 132 | E17: 5 | F17: 0.1 | G17: 0.15 | H17: 2.4028 | I17: =D17*E17*F17*G17*H17 -> 23.78772 | J17: Ton
D18: 264 | E18: 3.5 | F18: 0.1 | G18: 0.15 | H18: 2.4028 | I18: =D18*E18*F18*G18*H18 -> 33.302808 | J18: Ton
D19: 144 | E19: 4 | F19: 0.1 | G19: 0.15 | H19: 2.4028 | I19: =D19*E19*F19*G19*H19 -> 20.760192 | J19: Ton
D20: 200 | E20: 5 | F20: 0.1 | G20: 0.15 | H20: 2.4028 | I20: =D20*E20*F20*G20*H20 -> 36.042 | J20: Ton
I21: =SUM(I4:I20) -> 486.22903 | J21: Ton
B23: CM | C23: LOSA | D23: 1 | E23: =E16 -> 675.5 | F23: 1 | G23: 1 | H23: =0.1+0.09+0.25 -> 0.44 | I23: =D23*E23*F23*G23*H23 -> 297.22 | J23: Ton
B25: LIVE | C25: LOSA | D25: 1 | E25: =E16 -> 675.5 | F25: 1 | G25: 1 | H25: 0.4 | I25: =D25*E25*F25*G25*H25 -> 270.2 | J25: Ton
B28: PISO 3 - 6 | C28: =I47+I49+0.25*I51 -> 817.22403 | D28: Ton
B30: DEAD | C30: COLUNAS | D30: 58 | E30: 3 | F30: 0.4 | G30: 0.5 | H30: 2.4028 | I30: =D30*E30*F30*G30*H30 -> 83.61744 | J30: Ton
C31: VIGAS | D31: 2 | E31: =3.5*3 -> 10.5 | F31: 0.25 | G31: 0.4 | H31: 2.4028 | I31: =D31*E31*F31*G31*H31 -> 5.04588 | J31: Ton
D32: 4 | E32: =3.5*3+5 -> 15.5 | F32: 0.25 | G32: 0.4 | H32: 2.4028 | I32: =D32*E32*F32*G32*H32 -> 14.89736 | J32: Ton
D33: 4 | E33: =3.5*3+5*2 -> 20.5 | F33: 0.25 | G33: 0.4 | H33: 2.4028 | I33: =D33*E33*F33*G33*H33 -> 19.70296 | J33: Ton
D34: 2 | E34: =4*5+2*4 -> 28 | F34: 0.25 | G34: 0.4 | H34: 2.4028 | I34: =D34*E34*F34*G34*H34 -> 13.45568 | J34: Ton
D35: 2 | E35: =41-4 -> 37 | F35: 0.25 | G35: 0.4 | H35: 2.4028 | I35: =D35*E35*F35*G35*H35 -> 17.78072 | J35: Ton
D36: 2 | E36: 41 | F36: 0.25 | G36: 0.4 | H36: 2.4028 | I36: =D36*E36*F36*G36*H36 -> 19.70296 | J36: Ton
C37: MUROS | D37: 6 | E37: 5 | F37: 0.25 | G37: 3 | H37: 2.4028 | I37: =D37*E37*F37*G37*H37 -> 54.063 | J37: Ton
D38: 2 | E38: 4 | F38: 0.25 | G38: 3 | H38: 2.4028 | I38: =D38*E38*F38*G38*H38 -> 14.4168 | J38: Ton
D39: 4 | E39: 6 | F39: 0.25 | G39: 3 | H39: 2.4028 | I39: =D39*E39*F39*G39*H39 -> 43.2504 | J39: Ton
C40: ESCALERA | D40: 3 | E40: 3.3541 | F40: 0.15 | G40: 1 | H40: 2.4028 | I40: =D40*E40*F40*G40*H40 -> 3.6266542 | J40: Ton
D41: 2 | E41: 2.25 | F41: 0.15 | G41: 1 | H41: 2.4028 | I41: =D41*E41*F41*G41*H41 -> 1.62189 | J41: Ton
C42: LOSA 5cm | D42: 1 | E42: =(41*20.5)-(80+(3.5*5*4)+(1.5*5*2)) -> 675.5 | F42: 0.05 | G42: 1 | H42: 2.4028 | I42: =D42*E42*F42*G42*H42 -> 81.15457 | J42: Ton
C43: VIGUETAS | D43: 132 | E43: 5 | F43: 0.1 | G43: 0.15 | H43: 2.4028 | I43: =D43*E43*F43*G43*H43 -> 23.78772 | J43: Ton
D44: 264 | E44: 3.5 | F44: 0.1 | G44: 0.15 | H44: 2.4028 | I44: =D44*E44*F44*G44*H44 -> 33.302808 | J44: Ton
D45: 144 | E45: 4 | F45: 0.1 | G45: 0.15 | H45: 2.4028 | I45: =D45*E45*F45*G45*H45 -> 20.760192 | J45: Ton
D46: 200 | E46: 5 | F46: 0.1 | G46: 0.15 | H46: 2.4028 | I46: =D46*E46*F46*G46*H46 -> 36.042 | J46: Ton
I47: =SUM(I30:I46) -> 486.22903 | J47: Ton
B49: CM | C49: LOSA | D49: 1 | E49: =E42 -> 675.5 | F49: 1 | G49: 1 | H49: =0.1+0.09+0.25 -> 0.44 | I49: =D49*E49*F49*G49*H49 -> 297.22 | J49: Ton
B51: LIVE | C51: LOSA | D51: 1 | E51: =E42 -> 675.5 | F51: 1 | G51: 1 | H51: 0.2 | I51: =D51*E51*F51*G51*H51 -> 135.1 | J51: Ton
B54: PISO 7-9 | C54: =I70+I72+0.25*I74 -> 522.80755 | D54: Ton
B56: DEAD | C56: COLUNAS | D56: 36 | E56: 3 | F56: 0.4 | G56: 0.5 | H56: 2.4028 | I56: =D56*E56*F56*G56*H56 -> 51.90048 | J56: Ton
C57: VIGAS | D57: 2 | E57: =3.5*3+5 -> 15.5 | F57: 0.25 | G57: 0.4 | H57: 2.4028 | I57: =D57*E57*F57*G57*H57 -> 7.44868 | J57: Ton
D58: 4 | E58: =3.5*3+5*2 -> 20.5 | F58: 0.25 | G58: 0.4 | H58: 2.4028 | I58: =D58*E58*F58*G58*H58 -> 19.70296 | J58: Ton
D59: 2 | E59: 20 | F59: 0.25 | G59: 0.4 | H59: 2.4028 | I59: =D59*E59*F59*G59*H59 -> 9.6112 | J59: Ton
D60: 4 | E60: 25 | F60: 0.25 | G60: 0.4 | H60: 2.4028 | I60: =D60*E60*F60*G60*H60 -> 24.028 | J60: Ton
C61: MUROS | D61: 4 | E61: 5 | F61: 0.25 | G61: 3 | H61: 2.4028 | I61: =D61*E61*F61*G61*H61 -> 36.042 | J61: Ton
D62: 4 | E62: 6 | F62: 0.25 | G62: 3 | H62: 2.4028 | I62: =D62*E62*F62*G62*H62 -> 43.2504 | J62: Ton
C63: ESCALERA | D63: 3 | E63: 3.3541 | F63: 0.15 | G63: 1 | H63: 2.4028 | I63: =D63*E63*F63*G63*H63 -> 3.6266542 | J63: Ton
D64: 2 | E64: 2.25 | F64: 0.15 | G64: 1 | H64: 2.4028 | I64: =D64*E64*F64*G64*H64 -> 1.62189 | J64: Ton
C65: LOSA 5cm | D65: 1 | E65: =(25*20.5)-((1.5*3.5*2)+(3.5*5*4)+(1.5*5*2)) -> 417 | F65: 0.05 | G65: 1 | H65: 2.4028 | I65: =D65*E65*F65*G65*H65 -> 50.09838 | J65: Ton
C66: VIGUETAS | D66: 96 | E66: 5 | F66: 0.1 | G66: 0.15 | H66: 2.4028 | I66: =D66*E66*F66*G66*H66 -> 17.30016 | J66: Ton
D67: =244-96 -> 148 | E67: 3.5 | F67: 0.1 | G67: 0.15 | H67: 2.4028 | I67: =D67*E67*F67*G67*H67 -> 18.669756 | J67: Ton
D68: 16 | E68: 3.5 | F68: 0.1 | G68: 0.15 | H68: 2.4028 | I68: =D68*E68*F68*G68*H68 -> 2.018352 | J68: Ton
D69: =200-16 -> 184 | E69: 5 | F69: 0.1 | G69: 0.15 | H69: 2.4028 | I69: =D69*E69*F69*G69*H69 -> 33.15864 | J69: Ton
I70: =SUM(I56:I69) -> 318.47755 | J70: Ton
B72: CM | C72: LOSA | D72: 1 | E72: =E65 -> 417 | F72: 1 | G72: 1 | H72: =0.1+0.09+0.25 -> 0.44 | I72: =D72*E72*F72*G72*H72 -> 183.48 | J72: Ton
B74: LIVE | C74: LOSA | D74: 1 | E74: =E65 -> 417 | F74: 1 | G74: 1 | H74: 0.2 | I74: =D74*E74*F74*G74*H74 -> 83.4 | J74: Ton
B77: PISO 10 | C77: =I97+I105+0.25*I107 -> 427.14758 | D77: Ton
B79: DEAD | C79: COLUNAS | D79: 36 | E79: 3 | F79: 0.4 | G79: 0.5 | H79: 2.4028 | I79: =D79*E79*F79*G79*H79 -> 51.90048 | J79: Ton
C80: AZOTEA | D80: 4 | E80: 2.6 | F80: 0.4 | G80: 0.5 | H80: 2.4028 | I80: =D80*E80*F80*G80*H80 -> 4.997824 | J80: Ton
C81: VIGAS | D81: 6 | E81: =3.5*3+5*2 -> 20.5 | F81: 0.25 | G81: 0.4 | H81: 2.4028 | I81: =D81*E81*F81*G81*H81 -> 29.55444 | J81: Ton
D82: 6 | E82: 25 | F82: 0.25 | G82: 0.4 | H82: 2.4028 | I82: =D82*E82*F82*G82*H82 -> 36.042 | J82: Ton
C83: AZOTEA | D83: 1 | E83: 17 | F83: 0.25 | G83: 0.4 | H83: 2.4028 | I83: =D83*E83*F83*G83*H83 -> 4.08476 | J83: Ton
C84: MUROS | D84: 4 | E84: 5 | F84: 0.25 | G84: 3 | H84: 2.4028 | I84: =D84*E84*F84*G84*H84 -> 36.042 | J84: Ton
D85: 4 | E85: 6 | F85: 0.25 | G85: 3 | H85: 2.4028 | I85: =D85*E85*F85*G85*H85 -> 43.2504 | J85: Ton
C86: AZOTEA | D86: 4 | E86: 6 | F86: 0.25 | G86: 2.6 | H86: 2.4028 | I86: =D86*E86*F86*G86*H86 -> 37.48368 | J86: Ton
C87: ESCALERA | D87: 3 | E87: 3.3541 | F87: 0.15 | G87: 1 | H87: 2.4028 | I87: =D87*E87*F87*G87*H87 -> 3.6266542 | J87: Ton
D88: 2 | E88: 2.25 | F88: 0.15 | G88: 1 | H88: 2.4028 | I88: =D88*E88*F88*G88*H88 -> 1.62189 | J88: Ton
C89: LOSA 5cm | D89: 1 | E89: =(25*20.5)-((1.5*3.5*2)+(3.5*5*4)+(1.5*5*2)) -> 417 | F89: 0.05 | G89: 1 | H89: 2.4028 | I89: =D89*E89*F89*G89*H89 -> 50.09838 | J89: Ton
C90: ASCENSOR | D90: 4 | E90: 4 | F90: 0.15 | G90: 1 | H90: 2.4028 | I90: =D90*E90*F90*G90*H90 -> 5.76672 | J90: Ton
C91: VIGUETAS | D91: 96 | E91: 5 | F91: 0.1 | G91: 0.15 | H91: 2.4028 | I91: =D91*E91*F91*G91*H91 -> 17.30016 | J91: Ton
D92: =244-96 -> 148 | E92: 3.5 | F92: 0.1 | G92: 0.15 | H92: 2.4028 | I92: =D92*E92*F92*G92*H92 -> 18.669756 | J92: Ton
D93: 16 | E93: 3.5 | F93: 0.1 | G93: 0.15 | H93: 2.4028 | I93: =D93*E93*F93*G93*H93 -> 2.018352 | J93: Ton
D94: =200-16 -> 184 | E94: 5 | F94: 0.1 | G94: 0.15 | H94: 2.4028 | I94: =D94*E94*F94*G94*H94 -> 33.15864 | J94: Ton
C95: AZOTEA | D95: 12 | E95: 3.5 | F95: 0.1 | G95: 0.15 | H95: 2.4028 | I95: =D95*E95*F95*G95*H95 -> 1.513764 | J95: Ton
C96: AZOTEA | D96: 8 | E96: 5 | F96: 0.1 | G96: 0.15 | H96: 2.4028 | I96: =D96*E96*F96*G96*H96 -> 1.44168 | J96: Ton
I97: =SUM(I79:I96) -> 378.57158 | J97: Ton
B99: CM | C99: VIGAS | D99: 2 | E99: 20.5 | F99: 1 | G99: 1 | H99: 0.243 | I99: =D99*E99*F99*G99*H99 -> 9.963 | J99: Ton
D100: 2 | E100: 25 | F100: 1 | G100: 1 | H100: 0.243 | I100: =D100*E100*F100*G100*H100 -> 12.15 | J100: Ton
D101: 8 | E101: 1.5 | F101: 1 | G101: 1 | H101: 0.243 | I101: =D101*E101*F101*G101*H101 -> 2.916 | J101: Ton
D102: 4 | E102: 13.5 | F102: 1 | G102: 1 | H102: 0.243 | I102: =D102*E102*F102*G102*H102 -> 13.122 | J102: Ton
C103: AZOTEA | D103: 1 | E103: =3.5*5 -> 17.5 | F103: 1 | G103: 1 | H103: =0.1+0.09+0.5714 -> 0.7614 | I103: =D103*E103*F103*G103*H103 -> 13.3245 | J103: Ton
D104: 4 | E104: 4 | F104: 1 | G104: 1 | H104: =0.1+0.625 -> 0.725 | I104: =D104*E104*F104*G104*H104 -> 11.6 | J104: Ton
I105: =SUM(I99:I102) -> 38.151 | J105: Ton
B107: LIVE UP | C107: LOSA | D107: 1 | E107: =E89 -> 417 | F107: 1 | G107: 1 | H107: 0.1 | I107: =D107*E107*F107*G107*H107 -> 41.7 | J107: Ton
B110: SEMISOTANO | C110: =I132+I134+0.25*I136 -> 843.65472 | D110: Ton
B112: DEAD | C112: COLUNAS | D112: 60 | E112: 2.8 | F112: 0.4 | G112: 0.5 | H112: 2.4028 | I112: =D112*E112*F112*G112*H112 -> 80.73408 | J112: Ton
C113: VIGAS | D113: 2 | E113: =3.5*3+5 -> 15.5 | F113: 0.25 | G113: 0.4 | H113: 2.4028 | I113: =D113*E113*F113*G113*H113 -> 7.44868 | J113: Ton
D114: 8 | E114: =3.5*3+5*2 -> 20.5 | F114: 0.25 | G114: 0.4 | H114: 2.4028 | I114: =D114*E114*F114*G114*H114 -> 39.40592 | J114: Ton
D115: 2 | E115: 37 | F115: 0.25 | G115: 0.4 | H115: 2.4028 | I115: =D115*E115*F115*G115*H115 -> 17.78072 | J115: Ton
D116: 2 | E116: 36 | F116: 0.25 | G116: 0.4 | H116: 2.4028 | I116: =D116*E116*F116*G116*H116 -> 17.30016 | J116: Ton
D117: 2 | E117: 41 | F117: 0.25 | G117: 0.4 | H117: 2.4028 | I117: =D117*E117*F117*G117*H117 -> 19.70296 | J117: Ton
C118: MUROS | D118: 12 | E118: 5 | F118: 0.25 | G118: 2.8 | H118: 2.4028 | I118: =D118*E118*F118*G118*H118 -> 100.9176 | J118: Ton
D119: 4 | E119: 5 | F119: 0.25 | G119: 1.4 | H119: 2.4028 | I119: =D119*E119*F119*G119*H119 -> 16.8196 | J119: Ton
D120: 6 | E120: 4 | F120: 0.25 | G120: 2.8 | H120: 2.4028 | I120: =D120*E120*F120*G120*H120 -> 40.36704 | J120: Ton
D121: 4 | E121: 4 | F121: 0.25 | G121: 1.4 | H121: 2.4028 | I121: =D121*E121*F121*G121*H121 -> 13.45568 | J121: Ton
D122: 6 | E122: 3.5 | F122: 0.25 | G122: 2.8 | H122: 2.4028 | I122: =D122*E122*F122*G122*H122 -> 35.32116 | J122: Ton
...
